topology,nodeCount,targetHops,loss,policy,runs,allNodeDeliveryRate,ttlEligibleDeliveryRate,targetDeliveryRate,targetTTLEligibleRate,meanDirectedAttempts,meanUsefulDeliveries,meanDuplicateArrivals,meanSuppressionDecisions,meanCancelledRelays,meanRelayForwards,p50LatencyMs,p95LatencyMs,targetP50LatencyMs,targetP95LatencyMs,meanStructurallyUnreachableNodes,meanTTLIneligibleNodes,meanEligibleUndeliveredNodes,meanDirectedLinks,maxEventsProcessed,horizonDroppedEvents
line,10,1,0,current,10,0.7777777777777778,1,1,1,7,7,0,0,0,6,79,184,1,1,0,2,0,18,14,0
line,10,1,0,jitter,10,0.7777777777777778,1,1,1,7,7,0,0,0,6,79,184,1,1,0,2,0,18,14,0
line,10,1,0,trickle,10,0.7777777777777778,1,1,1,19,7,12,0,0,18,197.127566203475,401.51703178696334,1,1,0,2,0,18,50,0
line,10,1,0.1,current,10,0.5555555555555556,0.7142857142857143,1,1,5.4,5,0,0,0,4.4,57,187,1,1,0,2,2,18,14,0
line,10,1,0.1,jitter,10,0.5555555555555556,0.7142857142857143,1,1,5.4,5,0,0,0,4.4,57,187,1,1,0,2,2,18,14,0
line,10,1,0.1,trickle,10,0.7777777777777778,1,1,1,19,7,10.7,0,0,18,243.36326115764678,510.35488548502326,1,1,0,2,0,18,50,0
line,10,1,0.3,current,10,0.33333333333333337,0.42857142857142855,1,1,3.8,3,0,0,0,2.8,31,167,1,1,0,2,4,18,14,0
line,10,1,0.3,jitter,10,0.33333333333333337,0.42857142857142855,1,1,3.8,3,0,0,0,2.8,31,167,1,1,0,2,4,18,14,0
line,10,1,0.3,trickle,10,0.7777777777777778,1,1,1,19,7,6.7,0,0,18,304.51415600813925,942.8388565350324,1,1,0,2,0,18,47,0
line,10,1,0.5,current,10,0.06666666666666668,0.0857142857142857,0.5,1,1.6,0.6,0,0,0,0.6,1,32,1,1,0,2,6.4,18,5,0
line,10,1,0.5,jitter,10,0.06666666666666668,0.0857142857142857,0.5,1,1.6,0.6,0,0,0,0.6,1,32,1,1,0,2,6.4,18,5,0
line,10,1,0.5,trickle,10,0.26666666666666666,0.34285714285714286,0.5,1,7.6,2.4,1.5,0,0,6.6,342.1968369614333,1340.8194952495396,1,1,0,2,4.6,18,43,0
line,10,3,0,current,10,0.7777777777777778,1,1,1,7,7,0,0,0,6,84,174,59,72,0,2,0,18,14,0
line,10,3,0,jitter,10,0.7777777777777778,1,1,1,7,7,0,0,0,6,84,174,59,72,0,2,0,18,14,0
line,10,3,0,trickle,10,0.7777777777777778,1,1,1,19,7,12,0,0,18,194.89983189478517,389.3275591712445,130.5948412436992,146.85150191374123,0,2,0,18,50,0
line,10,3,0.1,current,10,0.4666666666666667,0.6000000000000001,0.8,1,4.9,4.2,0,0,0,3.9,56,160,59,72,0,2,2.8,18,14,0
line,10,3,0.1,jitter,10,0.4666666666666667,0.6000000000000001,0.8,1,4.9,4.2,0,0,0,3.9,56,160,59,72,0,2,2.8,18,14,0
line,10,3,0.1,trickle,10,0.7,0.9,0.9,1,17.2,6.3,8.5,0,0,16.2,217.72565594874322,605.2656110785902,143.665560727939,219.3714579027146,0,2,0.7,18,49,0
line,10,3,0.3,current,10,0.24444444444444446,0.3142857142857142,0.4,1,3.1,2.2,0,0,0,2.1,36,146,56,71,0,2,4.8,18,14,0
line,10,3,0.3,jitter,10,0.24444444444444446,0.3142857142857142,0.4,1,3.1,2.2,0,0,0,2.1,36,146,56,71,0,2,4.8,18,14,0
line,10,3,0.3,trickle,10,0.5444444444444445,0.7,0.7,1,13.6,4.9,4.6,0,0,12.6,325.90957126021385,1289.4357522111386,146.30393688753247,777.3452523648739,0,2,2.1,18,47,0
line,10,3,0.5,current,10,0.13333333333333333,0.17142857142857143,0.2,1,2.2,1.2,0,0,0,1.2,18,121,47,71,0,2,5.8,18,11,0
line,10,3,0.5,jitter,10,0.13333333333333333,0.17142857142857143,0.2,1,2.2,1.2,0,0,0,1.2,18,121,47,71,0,2,5.8,18,11,0
line,10,3,0.5,trickle,10,0.2,0.2571428571428571,0.3,1,6.1,1.8,1.3,0,0,5.1,146.30393688753247,536.1989039536566,146.30393688753247,254.05513429269195,0,2,5.2,18,45,0
line,10,7,0,current,10,0.7777777777777778,1,1,1,7,7,0,0,0,6,66,153,147,164,0,2,0,18,14,0
line,10,7,0,jitter,10,0.7777777777777778,1,1,1,7,7,0,0,0,6,66,153,147,164,0,2,0,18,14,0
line,10,7,0,trickle,10,0.7777777777777778,1,1,1,19,7,12,0,0,18,165.62535303272307,362.91395856812596,351.92204875685275,375.9475886989385,0,2,0,18,50,0
line,10,7,0.1,current,10,0.6555555555555554,0.8428571428571427,0.8,1,6.1,5.9,0,0,0,5.1,65,153,147,164,0,2,1.1,18,14,0
line,10,7,0.1,jitter,10,0.6555555555555554,0.8428571428571427,0.8,1,6.1,5.9,0,0,0,5.1,65,153,147,164,0,2,1.1,18,14,0
line,10,7,0.1,trickle,10,0.7777777777777778,1,1,1,19,7,10.4,0,0,18,187.74151788651943,572.0976820737123,361.51425223611295,736.2789118550718,0,2,0,18,50,0
line,10,7,0.3,current,10,0.2111111111111111,0.2714285714285714,0.1,1,2.8,1.9,0,0,0,1.8,22,164,164,164,0,2,5.1,18,14,0
line,10,7,0.3,jitter,10,0.2111111111111111,0.2714285714285714,0.1,1,2.8,1.9,0,0,0,1.8,22,164,164,164,0,2,5.1,18,14,0
line,10,7,0.3,trickle,10,0.611111111111111,0.7857142857142857,0.7,1,15.4,5.5,5.4,0,0,14.4,423.83270367980003,835.271471625194,560.0288459453732,1056.9985723849386,0,2,1.5,18,47,0
line,10,7,0.5,current,10,0.08888888888888888,0.11428571428571428,0,1,1.8,0.8,0,0,0,0.8,1,54,,,0,2,6.2,18,7,0
line,10,7,0.5,jitter,10,0.08888888888888888,0.11428571428571428,0,1,1.8,0.8,0,0,0,0.8,1,54,,,0,2,6.2,18,7,0
line,10,7,0.5,trickle,10,0.2111111111111111,0.27142857142857146,0.2,1,6.1,1.9,1.1,0,0,5.1,258.8497403655201,1189.2514670901,764.1254947967827,1189.2514670901,0,2,5.1,18,46,0
line,25,1,0,current,10,0.29166666666666663,1,1,1,7,7,0,0,0,6,80,168,1,1,0,17,0,48,14,0
line,25,1,0,jitter,10,0.29166666666666663,1,1,1,7,7,0,0,0,6,80,168,1,1,0,17,0,48,14,0
line,25,1,0,trickle,10,0.29166666666666663,1,1,1,19,7,12,0,0,18,185.82181742042303,380.9681433234364,1,1,0,17,0,48,50,0
line,25,1,0.1,current,10,0.1375,0.4714285714285714,0.8,1,4.1,3.3,0,0,0,3.1,45,149,1,1,0,17,3.7,48,14,0
line,25,1,0.1,jitter,10,0.1375,0.4714285714285714,0.8,1,4.1,3.3,0,0,0,3.1,45,149,1,1,0,17,3.7,48,14,0
line,25,1,0.1,trickle,10,0.23333333333333334,0.8,0.8,1,15.4,5.6,7.9,0,0,14.4,238.9769666660577,682.7495691273361,1,1,0,17,1.4,48,50,0
line,25,1,0.3,current,10,0.06666666666666668,0.22857142857142856,0.7,1,2.6,1.6,0,0,0,1.6,30,65,1,1,0,17,5.4,48,7,0
line,25,1,0.3,jitter,10,0.06666666666666668,0.22857142857142856,0.7,1,2.6,1.6,0,0,0,1.6,30,65,1,1,0,17,5.4,48,7,0
line,25,1,0.3,trickle,10,0.20000000000000004,0.6857142857142857,0.7,1,13.6,4.8,4.6,0,0,12.6,322.43205612152815,755.6692487411201,1,1,0,17,2.2,48,47,0
line,25,1,0.5,current,10,0.04583333333333334,0.15714285714285714,0.6,1,2.1,1.1,0,0,0,1.1,1,65,1,1,0,17,5.9,48,7,0
line,25,1,0.5,jitter,10,0.04583333333333334,0.15714285714285714,0.6,1,2.1,1.1,0,0,0,1.1,1,65,1,1,0,17,5.9,48,7,0
line,25,1,0.5,trickle,10,0.15000000000000002,0.5142857142857142,0.6,1,10.6,3.6,2.3,0,0,9.6,358.3535847682506,1117.652826750651,1,1,0,17,3.4,48,46,0
line,25,3,0,current,10,0.29166666666666663,1,1,1,7,7,0,0,0,6,73,152,46,70,0,17,0,48,14,0
line,25,3,0,jitter,10,0.29166666666666663,1,1,1,7,7,0,0,0,6,73,152,46,70,0,17,0,48,14,0
line,25,3,0,trickle,10,0.29166666666666663,1,1,1,19,7,12,0,0,18,176.42668209597468,354.255845060572,114.47848475724459,144.592569174245,0,17,0,48,50,0
line,25,3,0.1,current,10,0.17083333333333334,0.5857142857142857,0.8,1,4.9,4.1,0,0,0,3.9,43,119,43,57,0,17,2.9,48,14,0
line,25,3,0.1,jitter,10,0.17083333333333334,0.5857142857142857,0.8,1,4.9,4.1,0,0,0,3.9,43,119,43,57,0,17,2.9,48,14,0
line,25,3,0.1,trickle,10,0.2791666666666667,0.9571428571428571,1,1,18.4,6.7,9.1,0,0,17.4,225.69551235809922,534.7773112151772,114.47848475724459,402.87921953201294,0,17,0.3,48,50,0
line,25,3,0.3,current,10,0.09166666666666666,0.3142857142857142,0.4,1,3.1,2.2,0,0,0,2.1,30,103,43,57,0,17,4.8,48,14,0
line,25,3,0.3,jitter,10,0.09166666666666666,0.3142857142857142,0.4,1,3.1,2.2,0,0,0,2.1,30,103,43,57,0,17,4.8,48,14,0
line,25,3,0.3,trickle,10,0.1916666666666667,0.6571428571428571,0.7,1,13,4.6,3.6,0,0,12,279.55705456994474,1293.0275134593248,128.14489276334643,576.8165714405477,0,17,2.4,48,45,0
line,25,3,0.5,current,10,0.05416666666666666,0.1857142857142857,0.2,1,2.3,1.3,0,0,0,1.3,24,103,43,52,0,17,5.7,48,13,0
line,25,3,0.5,jitter,10,0.05416666666666666,0.1857142857142857,0.2,1,2.3,1.3,0,0,0,1.3,24,103,43,52,0,17,5.7,48,13,0
line,25,3,0.5,trickle,10,0.0875,0.29999999999999993,0.4,1,7,2.1,1,0,0,6,173.23379292711616,1699.7826974317431,121.22975266724825,697.9211750924587,0,17,4.9,48,42,0
line,25,7,0,current,10,0.29166666666666663,1,1,1,7,7,0,0,0,6,81,169,162,187,0,17,0,48,14,0
line,25,7,0,jitter,10,0.29166666666666663,1,1,1,7,7,0,0,0,6,81,169,162,187,0,17,0,48,14,0
line,25,7,0,trickle,10,0.29166666666666663,1,1,1,19,7,12,0,0,18,187.17023383453488,384.18118926510215,374.94985291548073,404.5097569730133,0,17,0,48,50,0
line,25,7,0.1,current,10,0.23750000000000004,0.8142857142857143,0.6,1,6.1,5.7,0,0,0,5.1,73,169,156,187,0,17,1.3,48,14,0
line,25,7,0.1,jitter,10,0.23750000000000004,0.8142857142857143,0.6,1,6.1,5.7,0,0,0,5.1,73,169,156,187,0,17,1.3,48,14,0
line,25,7,0.1,trickle,10,0.2625,0.9,0.9,1,17.2,6.3,9.2,0,0,16.2,187.17023383453488,467.7351554799825,392.82776977680624,523.2807703856379,0,17,0.7,48,50,0
line,25,7,0.3,current,10,0.075,0.2571428571428571,0.1,1,2.7,1.8,0,0,0,1.7,30,140,140,140,0,17,5.2,48,14,0
line,25,7,0.3,jitter,10,0.075,0.2571428571428571,0.1,1,2.7,1.8,0,0,0,1.7,30,140,140,140,0,17,5.2,48,14,0
line,25,7,0.3,trickle,10,0.17083333333333336,0.5857142857142857,0.5,1,11.8,4.1,4.2,0,0,10.8,299.33410356007516,1027.501857874915,609.3054316733032,1027.501857874915,0,17,2.9,48,48,0
line,25,7,0.5,current,10,0.020833333333333332,0.07142857142857142,0,1,1.5,0.5,0,0,0,0.5,1,30,,,0,17,6.5,48,5,0
line,25,7,0.5,jitter,10,0.020833333333333332,0.07142857142857142,0,1,1.5,0.5,0,0,0,0.5,1,30,,,0,17,6.5,48,5,0
line,25,7,0.5,trickle,10,0.05416666666666666,0.1857142857142857,0,1,4.9,1.3,1.1,0,0,3.9,235.312596809119,503.1359533909708,,,0,17,5.7,48,44,0
line,50,1,0,current,10,0.14285714285714282,1,1,1,7,7,0,0,0,6,80,184,1,1,0,42,0,98,14,0
line,50,1,0,jitter,10,0.14285714285714282,1,1,1,7,7,0,0,0,6,80,184,1,1,0,42,0,98,14,0
line,50,1,0,trickle,10,0.14285714285714282,1,1,1,19,7,12,0,0,18,187.97338745184243,399.23192509263754,1,1,0,42,0,98,50,0
line,50,1,0.1,current,10,0.07142857142857142,0.5,0.7,1,4.4,3.5,0,0,0,3.4,58,184,1,1,0,42,3.5,98,14,0
line,50,1,0.1,jitter,10,0.07142857142857142,0.5,0.7,1,4.4,3.5,0,0,0,3.4,58,184,1,1,0,42,3.5,98,14,0
line,50,1,0.1,trickle,10,0.09999999999999998,0.7,0.7,1,13.6,4.9,7.2,0,0,12.6,206.6182898916304,585.6786071769893,1,1,0,42,2.1,98,49,0
line,50,1,0.3,current,10,0.044897959183673466,0.3142857142857143,0.6,1,3.2,2.2,0,0,0,2.2,32,161,1,1,0,42,4.8,98,13,0
line,50,1,0.3,jitter,10,0.044897959183673466,0.3142857142857143,0.6,1,3.2,2.2,0,0,0,2.2,32,161,1,1,0,42,4.8,98,13,0
line,50,1,0.3,trickle,10,0.07142857142857142,0.4999999999999999,0.6,1,10.6,3.5,3.7,0,0,9.6,206.6182898916304,588.5168648827821,1,1,0,42,3.5,98,49,0
line,50,1,0.5,current,10,0.01836734693877551,0.12857142857142856,0.5,1,1.9,0.9,0,0,0,0.9,1,58,1,1,0,42,6.1,98,9,0
line,50,1,0.5,jitter,10,0.01836734693877551,0.12857142857142856,0.5,1,1.9,0.9,0,0,0,0.9,1,58,1,1,0,42,6.1,98,9,0
line,50,1,0.5,trickle,10,0.06326530612244897,0.4428571428571428,0.5,1,9.4,3.1,2.1,0,0,8.4,300.00849067792296,785.3968351501971,1,1,0,42,3.9,98,43,0
line,50,3,0,current,10,0.14285714285714282,1,1,1,7,7,0,0,0,6,78,167,51,80,0,42,0,98,14,0
line,50,3,0,jitter,10,0.14285714285714282,1,1,1,7,7,0,0,0,6,78,167,51,80,0,42,0,98,14,0
line,50,3,0,trickle,10,0.14285714285714282,1,1,1,19,7,12,0,0,18,175.7651807051152,379.3411055468023,120.83129130490124,157.44003318436444,0,42,0,98,50,0
line,50,3,0.1,current,10,0.08367346938775508,0.5857142857142856,0.6,1,4.6,4.1,0,0,0,3.6,72,165,51,80,0,42,2.9,98,14,0
line,50,3,0.1,jitter,10,0.08367346938775508,0.5857142857142856,0.6,1,4.6,4.1,0,0,0,3.6,72,165,51,80,0,42,2.9,98,14,0
line,50,3,0.1,trickle,10,0.11428571428571425,0.8,0.8,1,15.4,5.6,8.1,0,0,14.4,232.91129732131958,639.9643506053835,125.20696713775396,452.6779746841639,0,42,1.4,98,50,0
line,50,3,0.3,current,10,0.036734693877551024,0.2571428571428571,0.3,1,2.7,1.8,0,0,0,1.7,32,157,54,65,0,42,5.2,98,14,0
line,50,3,0.3,jitter,10,0.036734693877551024,0.2571428571428571,0.3,1,2.7,1.8,0,0,0,1.7,32,157,54,65,0,42,5.2,98,14,0
line,50,3,0.3,trickle,10,0.07142857142857142,0.5,0.5,1,10,3.5,3.2,0,0,9,293.20559754408896,1205.7459988333285,138.56667289696634,452.6779746841639,0,42,3.5,98,46,0
line,50,3,0.5,current,10,0.02040816326530612,0.14285714285714285,0.2,1,2,1,0,0,0,1,18,80,33,54,0,42,6,98,9,0
line,50,3,0.5,jitter,10,0.02040816326530612,0.14285714285714285,0.2,1,2,1,0,0,0,1,18,80,33,54,0,42,6,98,9,0
line,50,3,0.5,trickle,10,0.05306122448979591,0.37142857142857144,0.4,1,8.2,2.6,1.4,0,0,7.2,303.46666879206896,993.0336099434644,125.20696713775396,303.46666879206896,0,42,4.4,98,43,0
line,50,7,0,current,10,0.14285714285714282,1,1,1,7,7,0,0,0,6,78,169,159,189,0,42,0,98,14,0
line,50,7,0,jitter,10,0.14285714285714282,1,1,1,7,7,0,0,0,6,78,169,159,189,0,42,0,98,14,0
line,50,7,0,trickle,10,0.14285714285714282,1,1,1,19,7,12,0,0,18,175.10874990932643,383.7633542045951,369.19089755788445,408.1396562680602,0,42,0,98,50,0
line,50,7,0.1,current,10,0.10816326530612244,0.7571428571428571,0.5,1,5.8,5.3,0,0,0,4.8,60,159,159,179,0,42,1.7,98,14,0
line,50,7,0.1,jitter,10,0.10816326530612244,0.7571428571428571,0.5,1,5.8,5.3,0,0,0,4.8,60,159,159,179,0,42,1.7,98,14,0
line,50,7,0.1,trickle,10,0.14285714285714282,1,1,1,19,7,10.5,0,0,18,220.88276192173362,511.8872247058898,395.47345378249884,702.2035103365779,0,42,0,98,50,0
line,50,7,0.3,current,10,0.044897959183673466,0.3142857142857143,0.1,1,3.1,2.2,0,0,0,2.1,41,147,179,179,0,42,4.8,98,14,0
line,50,7,0.3,jitter,10,0.044897959183673466,0.3142857142857143,0.1,1,3.1,2.2,0,0,0,2.1,41,147,179,179,0,42,4.8,98,14,0
line,50,7,0.3,trickle,10,0.0857142857142857,0.6,0.6,1,11.8,4.2,4.5,0,0,10.8,272.34973511844873,633.4947059191763,511.8872247058898,702.2035103365779,0,42,2.8,98,47,0
line,50,7,0.5,current,10,0.016326530612244896,0.11428571428571428,0,1,1.8,0.8,0,0,0,0.8,1,78,,,0,42,6.2,98,7,0
line,50,7,0.5,jitter,10,0.016326530612244896,0.11428571428571428,0,1,1.8,0.8,0,0,0,0.8,1,78,,,0,42,6.2,98,7,0
line,50,7,0.5,trickle,10,0.05714285714285714,0.4,0.4,1,8.2,2.8,1.9,0,0,7.2,317.32297896035016,956.9945061281323,527.6312729790807,1068.8691135570407,0,42,4.2,98,46,0
line,100,1,0,current,10,0.0707070707070707,1,1,1,7,7,0,0,0,6,83,181,1,1,0,92,0,198,14,0
line,100,1,0,jitter,10,0.0707070707070707,1,1,1,7,7,0,0,0,6,83,181,1,1,0,92,0,198,14,0
line,100,1,0,trickle,10,0.0707070707070707,1,1,1,19,7,12,0,0,18,189.29454667121172,398.4803070668131,1,1,0,92,0,198,50,0
line,100,1,0.1,current,10,0.04242424242424243,0.6,0.8,1,4.9,4.2,0,0,0,3.9,54,164,1,1,0,92,2.8,198,14,0
line,100,1,0.1,jitter,10,0.04242424242424243,0.6,0.8,1,4.9,4.2,0,0,0,3.9,54,164,1,1,0,92,2.8,198,14,0
line,100,1,0.1,trickle,10,0.05656565656565656,0.8,0.8,1,15.4,5.6,7.5,0,0,14.4,196.27893735282123,657.6246463395655,1,1,0,92,1.4,198,49,0
line,100,1,0.3,current,10,0.019191919191919194,0.27142857142857146,0.6,1,2.8,1.9,0,0,0,1.8,42,164,1,1,0,92,5.1,198,14,0
line,100,1,0.3,jitter,10,0.019191919191919194,0.27142857142857146,0.6,1,2.8,1.9,0,0,0,1.8,42,164,1,1,0,92,5.1,198,14,0
line,100,1,0.3,trickle,10,0.04242424242424243,0.6,0.6,1,11.8,4.2,3.9,0,0,10.8,275.74569381028414,1049.236075848341,1,1,0,92,2.8,198,46,0
line,100,1,0.5,current,10,0.0060606060606060615,0.0857142857142857,0.3,1,1.6,0.6,0,0,0,0.6,1,45,1,1,0,92,6.4,198,7,0
line,100,1,0.5,jitter,10,0.0060606060606060615,0.0857142857142857,0.3,1,1.6,0.6,0,0,0,0.6,1,45,1,1,0,92,6.4,198,7,0
line,100,1,0.5,trickle,10,0.02121212121212121,0.3,0.3,1,6.4,2.1,0.9,0,0,5.4,462.3189272545278,1326.5530135240406,1,1,0,92,4.9,198,43,0
line,100,3,0,current,10,0.0707070707070707,1,1,1,7,7,0,0,0,6,73,159,53,66,0,92,0,198,14,0
line,100,3,0,jitter,10,0.0707070707070707,1,1,1,7,7,0,0,0,6,73,159,53,66,0,92,0,198,14,0
line,100,3,0,trickle,10,0.0707070707070707,1,1,1,19,7,12,0,0,18,181.11861487478018,370.2415187731385,123.12786007486284,139.90123593434691,0,92,0,198,50,0
line,100,3,0.1,current,10,0.048484848484848485,0.6857142857142857,0.8,1,5.3,4.8,0,0,0,4.3,53,146,53,66,0,92,2.2,198,14,0
line,100,3,0.1,jitter,10,0.048484848484848485,0.6857142857142857,0.8,1,5.3,4.8,0,0,0,4.3,53,146,53,66,0,92,2.2,198,14,0
line,100,3,0.1,trickle,10,0.0707070707070707,1,1,1,19,7,9.7,0,0,18,229.34735664352775,635.136013654992,124.14372724667192,295.0854626595974,0,92,0,198,49,0
line,100,3,0.3,current,10,0.019191919191919194,0.2714285714285714,0.3,1,2.9,1.9,0,0,0,1.9,1,66,54,66,0,92,5.1,198,7,0
line,100,3,0.3,jitter,10,0.019191919191919194,0.2714285714285714,0.3,1,2.9,1.9,0,0,0,1.9,1,66,54,66,0,92,5.1,198,7,0
line,100,3,0.3,trickle,10,0.06666666666666668,0.9428571428571428,1,1,18.1,6.6,5.5,0,0,17.1,404.06053918786347,1039.0626317914575,229.34735664352775,610.2958423756063,0,92,0.4,198,45,0
line,100,3,0.5,current,10,0.012121212121212121,0.1714285714285714,0.1,1,2.2,1.2,0,0,0,1.2,1,66,66,66,0,92,5.8,198,7,0
line,100,3,0.5,jitter,10,0.012121212121212121,0.1714285714285714,0.1,1,2.2,1.2,0,0,0,1.2,1,66,66,66,0,92,5.8,198,7,0
line,100,3,0.5,trickle,10,0.043434343434343436,0.6142857142857142,0.7,1,12.4,4.3,2.4,0,0,11.4,482.18184687010944,1338.8453052472323,229.34735664352775,731.7553431279957,0,92,2.7,198,43,0
line,100,7,0,current,10,0.0707070707070707,1,1,1,7,7,0,0,0,6,79,171,158,201,0,92,0,198,14,0
line,100,7,0,jitter,10,0.0707070707070707,1,1,1,7,7,0,0,0,6,79,171,158,201,0,92,0,198,14,0
line,100,7,0,trickle,10,0.0707070707070707,1,1,1,19,7,12,0,0,18,186.47303386218846,385.53257081471384,369.3225997854024,422.24786829948425,0,92,0,198,50,0
line,100,7,0.1,current,10,0.04747474747474747,0.6714285714285715,0.5,1,5.2,4.7,0,0,0,4.2,66,171,171,195,0,92,2.3,198,14,0
line,100,7,0.1,jitter,10,0.04747474747474747,0.6714285714285715,0.5,1,5.2,4.7,0,0,0,4.2,66,171,171,195,0,92,2.3,198,14,0
line,100,7,0.1,trickle,10,0.05656565656565656,0.8,0.8,1,15.4,5.6,8.1,0,0,14.4,186.47303386218846,695.5457367170602,393.5179018676281,930.7102987617254,0,92,1.4,198,49,0
line,100,7,0.3,current,10,0.024242424242424242,0.34285714285714286,0.2,1,3.2,2.4,0,0,0,2.2,60,177,177,195,0,92,4.6,198,14,0
line,100,7,0.3,jitter,10,0.024242424242424242,0.34285714285714286,0.2,1,3.2,2.4,0,0,0,2.2,60,177,177,195,0,92,4.6,198,14,0
line,100,7,0.3,trickle,10,0.03838383838383838,0.5428571428571429,0.5,1,10.9,3.8,3.5,0,0,9.9,236.20338235795498,1511.0500417500734,695.5457367170602,1573.811507102102,0,92,3.2,198,48,0
line,100,7,0.5,current,10,0.00808080808080808,0.11428571428571428,0,1,1.8,0.8,0,0,0,0.8,1,60,,,0,92,6.2,198,7,0
line,100,7,0.5,jitter,10,0.00808080808080808,0.11428571428571428,0,1,1.8,0.8,0,0,0,0.8,1,60,,,0,92,6.2,198,7,0
line,100,7,0.5,trickle,10,0.012121212121212121,0.17142857142857143,0,1,4.6,1.2,0.6,0,0,3.6,80.27773614786565,551.1746486853808,,,0,92,5.8,198,21,0
line,250,1,0,current,10,0.028112449799196786,1,1,1,7,7,0,0,0,6,69,155,1,1,0,242,0,498,14,0
line,250,1,0,jitter,10,0.028112449799196786,1,1,1,7,7,0,0,0,6,69,155,1,1,0,242,0,498,14,0
line,250,1,0,trickle,10,0.028112449799196786,1,1,1,19,7,12,0,0,18,171.6296783518046,362.2147573977709,1,1,0,242,0,498,50,0
line,250,1,0.1,current,10,0.015662650602409636,0.5571428571428572,0.9,1,4.6,3.9,0,0,0,3.6,50,139,1,1,0,242,3.1,498,14,0
line,250,1,0.1,jitter,10,0.015662650602409636,0.5571428571428572,0.9,1,4.6,3.9,0,0,0,3.6,50,139,1,1,0,242,3.1,498,14,0
line,250,1,0.1,trickle,10,0.025301204819277105,0.9,0.9,1,17.2,6.3,9.1,0,0,16.2,236.80104829370975,702.8788180556148,1,1,0,242,0.7,498,50,0
line,250,1,0.3,current,10,0.006827309236947791,0.24285714285714283,0.7,1,2.7,1.7,0,0,0,1.7,19,110,1,1,0,242,5.3,498,11,0
line,250,1,0.3,jitter,10,0.006827309236947791,0.24285714285714283,0.7,1,2.7,1.7,0,0,0,1.7,19,110,1,1,0,242,5.3,498,11,0
line,250,1,0.3,trickle,10,0.01967871485943775,0.7,0.7,1,13.6,4.9,4.2,0,0,12.6,454.26722425967455,955.9977527130395,1,1,0,242,2.1,498,47,0
line,250,1,0.5,current,10,0.004016064257028112,0.14285714285714285,0.5,1,2,1,0,0,0,1,1,58,1,1,0,242,6,498,7,0
line,250,1,0.5,jitter,10,0.004016064257028112,0.14285714285714285,0.5,1,2,1,0,0,0,1,1,58,1,1,0,242,6,498,7,0
line,250,1,0.5,trickle,10,0.010843373493975903,0.38571428571428573,0.5,1,8.2,2.7,1.1,0,0,7.2,316.09717308171093,1124.4951101988554,1,1,0,242,4.3,498,43,0
line,250,3,0,current,10,0.028112449799196786,1,1,1,7,7,0,0,0,6,80,161,51,72,0,242,0,498,14,0
line,250,3,0,jitter,10,0.028112449799196786,1,1,1,7,7,0,0,0,6,80,161,51,72,0,242,0,498,14,0
line,250,3,0,trickle,10,0.028112449799196786,1,1,1,19,7,12,0,0,18,185.86684804037213,372.10940932668746,120.98174996860325,146.64517709240317,0,242,0,498,50,0
line,250,3,0.1,current,10,0.02008032128514056,0.7142857142857143,0.7,1,5.4,5,0,0,0,4.4,62,161,58,72,0,242,2,498,14,0
line,250,3,0.1,jitter,10,0.02008032128514056,0.7142857142857143,0.7,1,5.4,5,0,0,0,4.4,62,161,58,72,0,242,2,498,14,0
line,250,3,0.1,trickle,10,0.028112449799196786,1,1,1,19,7,9.8,0,0,18,240.166622325778,753.3869288302958,133.5923086591065,546.165795840323,0,242,0,498,49,0
line,250,3,0.3,current,10,0.010843373493975903,0.38571428571428573,0.4,1,3.4,2.7,0,0,0,2.4,61,161,51,72,0,242,4.3,498,14,0
line,250,3,0.3,jitter,10,0.010843373493975903,0.38571428571428573,0.4,1,3.4,2.7,0,0,0,2.4,61,161,51,72,0,242,4.3,498,14,0
line,250,3,0.3,trickle,10,0.014859437751004016,0.5285714285714286,0.5,1,10.6,3.7,3.5,0,0,9.6,238.65263862535357,913.9528057482094,133.5923086591065,546.165795840323,0,242,3.3,498,46,0
line,250,3,0.5,current,10,0.003614457831325301,0.12857142857142856,0.1,1,1.9,0.9,0,0,0,0.9,1,51,51,51,0,242,6.1,498,7,0
line,250,3,0.5,jitter,10,0.003614457831325301,0.12857142857142856,0.1,1,1.9,0.9,0,0,0,0.9,1,51,51,51,0,242,6.1,498,7,0
line,250,3,0.5,trickle,10,0.012048192771084338,0.42857142857142855,0.4,1,8.8,3,1.5,0,0,7.8,423.1810244638473,913.9528057482094,296.9387430995703,575.575917262584,0,242,4,498,43,0
line,250,7,0,current,10,0.028112449799196786,1,1,1,7,7,0,0,0,6,86,160,152,180,0,242,0,498,14,0
line,250,7,0,jitter,10,0.028112449799196786,1,1,1,7,7,0,0,0,6,86,160,152,180,0,242,0,498,14,0
line,250,7,0,trickle,10,0.028112449799196786,1,1,1,19,7,12,0,0,18,193.920953810215,369.49829857610166,359.239138353616,396.3632302712649,0,242,0,498,50,0
line,250,7,0.1,current,10,0.018875502008032126,0.6714285714285715,0.5,1,5.2,4.7,0,0,0,4.2,63,158,155,180,0,242,2.3,498,14,0
line,250,7,0.1,jitter,10,0.018875502008032126,0.6714285714285715,0.5,1,5.2,4.7,0,0,0,4.2,63,158,155,180,0,242,2.3,498,14,0
line,250,7,0.1,trickle,10,0.028112449799196786,1,1,1,19,7,10.2,0,0,18,239.29242430254817,500.94447279162705,396.3632302712649,611.2301334254444,0,242,0,498,49,0
line,250,7,0.3,current,10,0.008835341365461848,0.3142857142857142,0,1,3.2,2.2,0,0,0,2.2,24,96,,,0,242,4.8,498,11,0
line,250,7,0.3,jitter,10,0.008835341365461848,0.3142857142857142,0,1,3.2,2.2,0,0,0,2.2,24,96,,,0,242,4.8,498,11,0
line,250,7,0.3,trickle,10,0.024899598393574293,0.8857142857142858,0.8,1,17.2,6.2,5.9,0,0,16.2,387.6770609524101,874.9195876382291,756.8544215969741,995.1925080902874,0,242,0.8,498,46,0
line,250,7,0.5,current,10,0.004016064257028113,0.14285714285714285,0,1,2,1,0,0,0,1,1,52,,,0,242,6,498,7,0
line,250,7,0.5,jitter,10,0.004016064257028113,0.14285714285714285,0,1,2,1,0,0,0,1,1,52,,,0,242,6,498,7,0
line,250,7,0.5,trickle,10,0.013654618473895583,0.48571428571428577,0.2,1,10.6,3.4,1.3,0,0,9.6,464.9823875054717,1403.7657752204686,1320.1949065998197,1886.7626594919711,0,242,3.6,498,41,0
crowd,10,1,0,current,10,0.9777777777777779,0.9777777777777779,1,1,20.6,8.8,11.8,0,6.4,2.4,1,116,1,1,0,0,0.2,68.6,34,0
crowd,10,1,0,jitter,10,1,1,1,1,59.6,9,50.6,0,0,9,1,109,1,1,0,0,0,68.6,73,0
crowd,10,1,0,trickle,10,1,1,1,1,164.2,9,155.2,15.3,0,27,1,52.87644658051431,1,1,0,0,0,68.6,255,0
crowd,10,1,0.1,current,10,0.9777777777777779,0.9777777777777779,1,1,21.8,8.8,11.6,0,6.2,2.6,1,129,1,1,0,0,0.2,68.6,34,0
crowd,10,1,0.1,jitter,10,1,1,1,1,59.6,9,44.7,0,0,9,1,109,1,1,0,0,0,68.6,70,0
crowd,10,1,0.1,trickle,10,1,1,1,1,164.2,9,139.2,12.6,0,27,1,52.87644658051431,1,1,0,0,0,68.6,234,0
crowd,10,1,0.3,current,10,0.9888888888888889,0.9888888888888889,1,1,30.3,8.9,12.3,0,4.8,4.1,1,236,1,236,0,0,0.1,68.6,35,0
crowd,10,1,0.3,jitter,10,1,1,1,1,59.6,9,32.7,0,0,9,1,144,1,129,0,0,0,68.6,57,0
crowd,10,1,0.3,trickle,10,1,1,1,1,164.2,9,105.5,8.1,0,27,1,66.76930467411876,1,60.686207085847855,0,0,0,68.6,196,0
crowd,10,1,0.5,current,10,0.7888888888888888,0.7888888888888888,0.7,1,30,7.1,7.3,0,3.2,3.9,82,272,1,129,0,0,1.9,68.6,30,0
crowd,10,1,0.5,jitter,10,0.9777777777777779,0.9777777777777779,1,1,58.4,8.8,20.7,0,0,8.8,102,272,1,427,0,0,0.2,68.6,45,0
crowd,10,1,0.5,trickle,10,1,1,1,1,164.2,9,75.5,4.3,0,27,50.12115711160004,166.66305883601308,1,197.28147487714887,0,0,0,68.6,156,0
crowd,10,3,0,current,10,0.8111111111111111,0.8111111111111111,0.6,1,15.5,7.3,8.2,0,4.5,2.8,1,300,202,312,0,0,1.7,51.2,31,0
crowd,10,3,0,jitter,10,1,1,1,1,42.2,9,33.2,0,0,9,1,232,201,322,0,0,0,51.2,55,0
crowd,10,3,0,trickle,10,1,1,1,1,117.4,9,108.4,12,0,27,1,120.12175954133272,98.49054203554988,146.13438456505537,0,0,0,51.2,199,0
crowd,10,3,0.1,current,10,0.788888888888889,0.788888888888889,0.6,1,16.7,7.1,7.6,0,4.1,3,1,312,258,391,0,0,1.9,51.2,32,0
crowd,10,3,0.1,jitter,10,0.9888888888888889,0.9888888888888889,1,1,42,8.9,28.9,0,0,8.9,83,233,202,322,0,0,0.1,51.2,50,0
crowd,10,3,0.1,trickle,10,1,1,1,1,117.4,9,97,9.6,0,27,43.550302570685744,123.11165454052389,103.80517852678895,146.13438456505537,0,0,0,51.2,179,0
crowd,10,3,0.3,current,10,0.888888888888889,0.888888888888889,0.7,1,23.7,8,8.7,0,3.3,4.7,83,363,289,530,0,0,1,51.2,32,0
crowd,10,3,0.3,jitter,10,0.9888888888888889,0.9888888888888889,1,1,42,8.9,20.8,0,0,8.9,94,305,233,376,0,0,0.1,51.2,46,0
crowd,10,3,0.3,trickle,10,1,1,1,1,117.4,9,74.8,6.3,0,27,48.29724917933345,150.8301499541849,123.11165454052389,187.5058620478958,0,0,0,51.2,151,0
crowd,10,3,0.5,current,10,0.8111111111111111,0.8111111111111111,0.6,1,26.1,7.3,5.4,0,2.1,5.1,115,439,289,530,0,0,1.7,51.2,29,0
crowd,10,3,0.5,jitter,10,0.8777777777777779,0.8777777777777779,0.8,1,37.8,7.9,10.7,0,0,7.7,125,430,301,530,0,0,1.1,51.2,34,0
crowd,10,3,0.5,trickle,10,1,1,1,1,115.9,9,50.2,2.9,0,26.7,67.76462894678116,414.5153214484453,156.5071641523391,561.6161818113178,0,0,0,51.2,122,0
crowd,10,7,0,current,10,0.8333333333333334,0.9375,0,0,10.4,7.5,2.9,0,2,4.6,96,317,,,0,1,0.5,26,19,0
crowd,10,7,0,jitter,10,0.8888888888888891,1,0,0,16,8,8,0,0,7,132,317,,,0,1,0,26,24,0
crowd,10,7,0,trickle,10,0.8888888888888891,1,0,0,42,8,34,2.6,0,21,72.814876165241,294.0820357762277,,,0,1,0,26,86,0
crowd,10,7,0.1,current,10,0.7444444444444445,0.8375,0,0,10.6,6.7,2.8,0,1.7,4.3,68,323,,,0,1,1.3,26,20,0
crowd,10,7,0.1,jitter,10,0.8000000000000002,0.9,0,0,15.4,7.2,6.6,0,0,6.4,81,323,,,0,1,0.8,26,24,0
crowd,10,7,0.1,trickle,10,0.8888888888888891,1,0,0,42,8,29.9,1.7,0,21,72.814876165241,414.63532785885036,,,0,1,0,26,82,0
crowd,10,7,0.3,current,10,0.5222222222222223,0.5875,0,0,11.4,4.7,2.6,0,0.8,3.7,87,341,,,0,1,3.3,26,18,0
crowd,10,7,0.3,jitter,10,0.5555555555555556,0.625,0,0,13.7,5,4.1,0,0,4.8,87,341,,,0,1,3,26,20,0
crowd,10,7,0.3,trickle,10,0.7666666666666666,0.8625,0,0,39.3,6.9,19.6,1.3,0,18.3,104.34254415519536,896.4102900698781,,,0,1,1.1,26,75,0
crowd,10,7,0.5,current,10,0.34444444444444444,0.3875,0,0,9,3.1,1.2,0,0.6,2.5,63,272,,,0,1,4.9,26,14,0
crowd,10,7,0.5,jitter,10,0.3555555555555555,0.4,0,0,10.7,3.2,1.9,0,0,3.2,63,272,,,0,1,4.8,26,16,0
crowd,10,7,0.5,trickle,10,0.5888888888888889,0.6625,0,0,31.8,5.3,9.8,0.5,0,14.4,104.34254415519536,1763.2124568000436,,,0,1,2.7,26,63,0
crowd,25,1,0,current,10,0.9750000000000002,0.9750000000000002,1,1,67.1,23.4,43.7,0,16.8,6.6,91,243,1,1,0,0,0.6,260,101,0
crowd,25,1,0,jitter,10,1,1,1,1,236,24,212,0,0,24,95,141,1,1,0,0,0,260,269,0
crowd,25,1,0,trickle,10,1,1,1,1,673.5,24,649.5,46.5,0,70.8,43.74943865276873,58.689240243285894,1,1,0,0,0,260,907,0
crowd,25,1,0.1,current,10,0.9875000000000002,0.9875000000000002,1,1,78.3,23.7,46.6,0,16,7.6,106,251,1,201,0,0,0.3,260,112,0
crowd,25,1,0.1,jitter,10,1,1,1,1,236,24,188,0,0,24,106,182,1,201,0,0,0,260,249,0
crowd,25,1,0.1,trickle,10,1,1,1,1,683.4,24,589.6,40.5,0,71.7,44.25856667384505,74.88942735642195,1,74.88942735642195,0,0,0,260,839,0
crowd,25,1,0.3,current,10,0.9875,0.9875,1,1,94.5,23.7,42.7,0,14.2,9.4,114,319,1,240,0,0,0.3,260,101,0
crowd,25,1,0.3,jitter,10,1,1,1,1,236,24,140.2,0,0,24,114,219,1,201,0,0,0,260,202,0
crowd,25,1,0.3,trickle,10,1,1,1,1,686.6,24,453.9,28.5,0,72,47.66201598383486,93.5740715097636,1,74.88942735642195,0,0,0,260,677,0
crowd,25,1,0.5,current,10,0.9583333333333334,0.9583333333333334,1,1,116.9,23,34.2,0,10.6,11.8,146,415,1,387,0,0,1,260,93,0
crowd,25,1,0.5,jitter,10,0.9958333333333332,0.9958333333333332,1,1,234.3,23.9,93.5,0,0,23.8,142,322,1,346,0,0,0.1,260,153,0
crowd,25,1,0.5,trickle,10,1,1,1,1,684.5,24,315.9,16.8,0,71.7,59.80492382124066,130.10885922424495,1,140.73478391580284,0,0,0,260,527,0
crowd,25,3,0,current,10,0.9916666666666668,0.9916666666666668,1,1,65.5,23.8,41.7,0,16.3,7.5,104,335,253,379,0,0,0.2,227.4,100,0
crowd,25,3,0,jitter,10,1,1,1,1,203.4,24,179.4,0,0,24,104,286,253,289,0,0,0,227.4,245,0
crowd,25,3,0,trickle,10,1,1,1,1,588.6,24,564.6,42.4,0,71.6,46.08095294609666,119.86330143362284,106.51702678948641,156.77696962468326,0,0,0,227.4,847,0
crowd,25,3,0.1,current,10,0.8916666666666668,0.8916666666666668,0.8,1,65.2,21.4,37.7,0,13.8,7.5,109,381,255,401,0,0,2.6,227.4,100,0
crowd,25,3,0.1,jitter,10,1,1,1,1,202.7,24,158.5,0,0,23.9,117,313,256,372,0,0,0,227.4,237,0
crowd,25,3,0.1,trickle,10,1,1,1,1,592.4,24,511.3,36.6,0,72,55.12622248195112,133.34876325540245,107.94450593367219,156.77696962468326,0,0,0,227.4,784,0
crowd,25,3,0.3,current,10,0.9125,0.9125,0.9,1,80.8,21.9,34.6,0,12.1,9.2,142,386,321,394,0,0,2.1,227.4,95,0
crowd,25,3,0.3,jitter,10,1,1,1,1,201.5,24,115.8,0,0,23.7,144,357,294,381,0,0,0,227.4,187,0
crowd,25,3,0.3,trickle,10,1,1,1,1,586.4,24,385.3,22.7,0,71.1,60.013276206329465,144.9663611613214,116.70317791588604,148.56199313141406,0,0,0,227.4,618,0
crowd,25,3,0.5,current,10,0.875,0.875,0.9,1,94.8,21,26.6,0,8,10.7,187,516,343,549,0,0,3,227.4,87,0
crowd,25,3,0.5,jitter,10,0.9791666666666667,0.9791666666666667,1,1,187.8,23.5,70,0,0,22,200,470,343,477,0,0,0.5,227.4,139,0
crowd,25,3,0.5,trickle,10,0.9916666666666666,0.9916666666666666,1,1,550.1,23.8,248.1,12,0,66.6,79.15382156893611,214.2605570703745,134.2900790795684,222.57670718245208,0,0,0.2,227.4,496,0
crowd,25,7,0,current,10,0.6541666666666667,0.8722222222222223,0,0,31.8,15.7,16.1,0,8.9,4.2,146,499,,,0,6,2.3,173.6,57,0
crowd,25,7,0,jitter,10,0.75,1,0,0,98.2,18,80.2,0,0,15,169,460,,,0,6,0,173.6,119,0
crowd,25,7,0,trickle,10,0.75,1,0,0,282.8,18,264.8,18.9,0,45,88.40263943374157,219.2094391491264,,,0,6,0,173.6,411,0
crowd,25,7,0.1,current,10,0.6166666666666667,0.8222222222222222,0,0,35.6,14.8,16.7,0,7.5,4.9,124,449,,,0,6,3.2,173.6,57,0
crowd,25,7,0.1,jitter,10,0.75,1,0,0,98.2,18,70.5,0,0,15,179,460,,,0,6,0,173.6,108,0
crowd,25,7,0.1,trickle,10,0.75,1,0,0,282.8,18,237.2,16.2,0,45,89.59411267377436,219.2094391491264,,,0,6,0,173.6,379,0
crowd,25,7,0.3,current,10,0.5583333333333333,0.7444444444444444,0,0,38.9,13.4,12.6,0,5.3,5.4,169,499,,,0,6,4.6,173.6,59,0
crowd,25,7,0.3,jitter,10,0.6833333333333333,0.9111111111111111,0,0,88,16.4,44.7,0,0,13.4,180,510,,,0,6,1.6,173.6,92,0
crowd,25,7,0.3,trickle,10,0.7375,0.9833333333333332,0,0,272,17.7,171.3,10.3,0,43.2,113.8996303472668,257.80941370874643,,,0,6,0.3,173.6,314,0
crowd,25,7,0.5,current,10,0.4083333333333333,0.5444444444444445,0,0,38,9.8,8.4,0,3.2,5.3,144,513,,,0,6,8.2,173.6,44,0
crowd,25,7,0.5,jitter,10,0.5625,0.75,0,0,73.5,13.5,22.2,0,0,11.1,218,543,,,0,6,4.5,173.6,74,0
crowd,25,7,0.5,trickle,10,0.6833333333333333,0.9111111111111111,0,0,233.3,16.4,101.8,4.9,0,37.2,137.47865039482713,374.3657537829131,,,0,6,1.6,173.6,249,0
crowd,50,1,0,current,10,0.9938775510204081,0.9938775510204081,1,1,168.4,48.7,119.7,0,38.5,10.2,105,237,1,1,0,0,0.3,805.6,242,0
crowd,50,1,0,jitter,10,1,1,1,1,756.6,49,707.6,0,0,49,105,145,1,1,0,0,0,805.6,819,0
crowd,50,1,0,trickle,10,1,1,1,1,1959.9,49,1910.9,145.9,0,129.5,43.22253398410976,56.511351780965924,1,1,0,0,0,805.6,2539,0
crowd,50,1,0.1,current,10,0.9938775510204081,0.9938775510204081,1,1,183.3,48.7,113.9,0,37.5,11.2,107,251,1,105,0,0,0.3,805.6,238,0
crowd,50,1,0.1,jitter,10,1,1,1,1,756.6,49,632,0,0,49,107,167,1,105,0,0,0,805.6,751,0
crowd,50,1,0.1,trickle,10,1,1,1,1,2091.3,49,1828.2,128.3,0,137.9,43.93119717761874,63.789118302986026,1,43.165227899327874,0,0,0,805.6,2426,0
crowd,50,1,0.3,current,10,0.9714285714285713,0.9714285714285713,1,1,232.5,47.6,112.3,0,32.8,14.7,113,275,1,204,0,0,1.4,805.6,228,0
crowd,50,1,0.3,jitter,10,1,1,1,1,756.6,49,475.8,0,0,49,114,214,1,178,0,0,0,805.6,600,0
crowd,50,1,0.3,trickle,10,1,1,1,1,2221.1,49,1495.7,90.6,0,146.1,46.017276680096984,79.57113816216588,1,67.17237277701497,0,0,0,805.6,2028,0
crowd,50,1,0.5,current,10,0.9755102040816326,0.9755102040816326,0.9,1,290.2,47.8,98.3,0,29.1,18.4,132,375,1,373,0,0,1.2,805.6,213,0
crowd,50,1,0.5,jitter,10,1,1,1,1,756.6,49,330.8,0,0,49,132,266,1,252,0,0,0,805.6,441,0
crowd,50,1,0.5,trickle,10,1,1,1,1,2235.2,49,1065.3,57.5,0,147,51.956000139936805,104.1552320048213,1,99.5500658378005,0,0,0,805.6,1515,0
crowd,50,3,0,current,10,0.9979591836734695,0.9979591836734695,1,1,164.4,48.9,115.5,0,37.9,10.8,117,374,273,447,0,0,0.1,753,231,0
crowd,50,3,0,jitter,10,1,1,1,1,704,49,655,0,0,49,115,273,229,284,0,0,0,753,769,0
crowd,50,3,0,trickle,10,1,1,1,1,1835.5,49,1786.5,144.6,0,130.2,46.38749729655683,107.87407338805497,92.0890534222126,110.03944305889308,0,0,0,753,2430,0
crowd,50,3,0.1,current,10,0.9938775510204081,0.9938775510204081,1,1,179.1,48.7,112.7,0,36.4,12,136,426,343,467,0,0,0.3,753,246,0
crowd,50,3,0.1,jitter,10,1,1,1,1,704,49,585.4,0,0,49,131,284,237,369,0,0,0,753,695,0
crowd,50,3,0.1,trickle,10,1,1,1,1,1948.4,49,1706.5,123.5,0,138,51.64354251511395,112.04636709019542,94.6596245765686,162.67215506732464,0,0,0,753,2287,0
crowd,50,3,0.3,current,10,0.9857142857142858,0.9857142857142858,1,1,221.7,48.3,107,0,31.7,14.8,186,466,380,654,0,0,0.7,753,223,0
crowd,50,3,0.3,jitter,10,1,1,1,1,704,49,446.5,0,0,49,156,328,281,426,0,0,0,753,568,0
crowd,50,3,0.3,trickle,10,1,1,1,1,2063.4,49,1394,91,0,145.7,62.195378670468926,129.3844113983214,109.27522864378989,164.8526943717152,0,0,0,753,1937,0
crowd,50,3,0.5,current,10,0.9571428571428571,0.9571428571428571,1,1,267.2,46.9,85.5,0,26.4,18.2,232,507,359,649,0,0,2.1,753,193,0
crowd,50,3,0.5,jitter,10,1,1,1,1,704,49,304.7,0,0,49,199,383,308,504,0,0,0,753,430,0
crowd,50,3,0.5,trickle,10,1,1,1,1,2078.6,49,989.4,54.5,0,146.7,74.34363581985235,150.48816083557904,117.91110609844327,190.62126392126083,0,0,0,753,1467,0
crowd,50,7,0,current,10,0.7183673469387756,0.9513513513513514,0,0,93.3,35.2,58.1,0,21.9,7.3,219,597,,,0,12,1.8,623.4,133,0
crowd,50,7,0,jitter,10,0.7551020408163264,1,0,0,375.1,37,338.1,0,0,31,162,500,,,0,12,0,623.4,429,0
crowd,50,7,0,trickle,10,0.7551020408163264,1,0,0,1047.9,37,1010.9,75.5,0,88.6,61.956394359469414,196.92645881325006,,,0,12,0,623.4,1423,0
crowd,50,7,0.1,current,10,0.6795918367346939,0.9,0,0,97.4,33.3,55,0,20.5,7.7,199,633,,,0,12,3.7,623.4,138,0
crowd,50,7,0.1,jitter,10,0.7551020408163264,1,0,0,375.1,37,300.4,0,0,31,162,508,,,0,12,0,623.4,390,0
crowd,50,7,0.1,trickle,10,0.7551020408163264,1,0,0,1080.5,37,931.9,63.4,0,91.2,61.956394359469414,205.88849951513112,,,0,12,0,623.4,1306,0
crowd,50,7,0.3,current,10,0.6571428571428571,0.8702702702702704,0,0,121.1,32.2,52,0,16.4,9.7,226,620,,,0,12,4.8,623.4,138,0
crowd,50,7,0.3,jitter,10,0.7530612244897957,0.9972972972972972,0,0,373.8,36.9,225.6,0,0,30.9,200,544,,,0,12,0.1,623.4,315,0
crowd,50,7,0.3,trickle,10,0.7551020408163264,1,0,0,1090.4,37,723.6,42.3,0,92,77.76298858970404,212.1166163496673,,,0,12,0,623.4,1046,0
crowd,50,7,0.5,current,10,0.5836734693877551,0.7729729729729731,0,0,138.1,28.6,40.2,0,12.1,11.1,225,655,,,0,12,8.4,623.4,131,0
crowd,50,7,0.5,jitter,10,0.7428571428571428,0.9837837837837838,0,0,365.7,36.4,145.5,0,0,30.3,250,586,,,0,12,0.6,623.4,237,0
crowd,50,7,0.5,trickle,10,0.7530612244897957,0.9972972972972973,0,0,1066.3,36.9,493.6,24.1,0,90,98.83587786182761,229.8588732164353,,,0,12,0.1,623.4,804,0
crowd,100,1,0,current,10,0.990909090909091,0.990909090909091,1,1,392,98.1,293.9,0,78.2,19.9,116,246,1,1,0,0,0.9,2052.8,518,0
crowd,100,1,0,jitter,10,1,1,1,1,1953.8,99,1854.8,0,0,99,112,169,1,1,0,0,0,2052.8,2083,0
crowd,100,1,0,trickle,10,1,1,1,1,4676.3,99,4577.3,338.8,0,241.6,45.556090919300914,65.61833901144564,1,1,0,0,0,2052.8,5891,0
crowd,100,1,0.1,current,10,0.9929292929292929,0.9929292929292929,1,1,411.7,98.3,272.4,0,77.6,20.4,122,256,1,189,0,0,0.7,2052.8,520,0
crowd,100,1,0.1,jitter,10,1,1,1,1,1953.8,99,1656.3,0,0,99,116,190,1,167,0,0,0,2052.8,1887,0
crowd,100,1,0.1,trickle,10,1,1,1,1,5003.5,99,4399.8,303.4,0,258.2,46.78316971100867,71.66444636695087,1,63.63535422645509,0,0,0,2052.8,5615,0
crowd,100,1,0.3,current,10,0.9767676767676766,0.9767676767676766,1,1,488.8,96.7,240.1,0,71.9,24.4,135,326,1,189,0,0,2.3,2052.8,451,0
crowd,100,1,0.3,jitter,10,1,1,1,1,1953.8,99,1261.4,0,0,99,135,240,1,167,0,0,0,2052.8,1498,0
crowd,100,1,0.3,trickle,10,1,1,1,1,5630,99,3825.6,226,0,288.1,52.909725837409496,95.50183460302651,1,63.63535422645509,0,0,0,2052.8,5008,0
crowd,100,1,0.5,current,10,0.9777777777777779,0.9777777777777779,0.9,1,638.7,96.8,219.9,0,64.5,32.1,183,382,1,256,0,0,2.2,2052.8,432,0
crowd,100,1,0.5,jitter,10,1,1,1,1,1953.8,99,871.7,0,0,99,165,299,1,246,0,0,0,2052.8,1103,0
crowd,100,1,0.5,trickle,10,1,1,1,1,5813.1,99,2794.4,141.5,0,296.6,63.031145295128226,114.95721696130931,1,97.48791016824543,0,0,0,2052.8,3831,0
crowd,100,3,0,current,10,0.995959595959596,0.995959595959596,1,1,383.7,98.6,285.1,0,77.5,19.9,134,412,329,485,0,0,0.4,1974,504,0
crowd,100,3,0,jitter,10,1,1,1,1,1875,99,1776,0,0,99,122,264,223,308,0,0,0,1974,1995,0
crowd,100,3,0,trickle,10,1,1,1,1,4547.8,99,4448.8,334,0,245.8,48.94213657639921,103.60259306803346,89.9693979434669,117.97867289930582,0,0,0,1974,5722,0
crowd,100,3,0.1,current,10,0.98989898989899,0.98989898989899,0.9,1,400.6,98,261.7,0,76,20.6,164,438,343,501,0,0,1,1974,491,0
crowd,100,3,0.1,jitter,10,1,1,1,1,1875,99,1581.1,0,0,99,132,280,226,308,0,0,0,1974,1809,0
crowd,100,3,0.1,trickle,10,1,1,1,1,4893.1,99,4306.1,295.9,0,263.3,52.174296014010906,108.77817182987928,90.94454712420702,120.24724582396448,0,0,0,1974,5522,0
crowd,100,3,0.3,current,10,0.990909090909091,0.990909090909091,1,1,493.3,98.1,244.6,0,70,25.7,217,455,324,426,0,0,0.9,1974,482,0
crowd,100,3,0.3,jitter,10,1,1,1,1,1875,99,1203,0,0,99,164,324,264,332,0,0,0,1974,1430,0
crowd,100,3,0.3,trickle,10,1,1,1,1,5451.9,99,3706.9,220.9,0,290.6,62.69198030047119,125.2047053463757,103.274786837399,125.8390386607498,0,0,0,1974,4801,0
crowd,100,3,0.5,current,10,0.9707070707070706,0.9707070707070706,1,1,587.8,96.1,197.6,0,58.6,30.7,274,540,381,614,0,0,2.9,1974,433,0
crowd,100,3,0.5,jitter,10,1,1,1,1,1873.5,99,829.7,0,0,98.9,216,381,294,373,0,0,0,1974,1084,0
crowd,100,3,0.5,trickle,10,1,1,1,1,5578,99,2674.5,137.2,0,296.5,80.54242122732103,150.0329658538103,113.54293503053486,147.64846354350448,0,0,0,1974,3649,0
crowd,100,7,0,current,10,0.6707070707070707,0.8853333333333333,0,0,207.5,66.4,141.1,0,45.1,11.5,208,547,,,0,24,8.6,1787.2,307,0
crowd,100,7,0,jitter,10,0.7575757575757577,1,0,0,1093.1,75,1018.1,0,0,63,206,502,,,0,24,0,1787.2,1178,0
crowd,100,7,0,trickle,10,0.7575757575757577,1,0,0,2865.5,75,2790.5,181.5,0,167.7,84.2931642215699,197.818646710366,,,0,24,0,1787.2,3615,0
crowd,100,7,0.1,current,10,0.706060606060606,0.932,0,0,235.6,69.9,144.6,0,45.9,13.1,236,560,,,0,24,5.1,1787.2,296,0
crowd,100,7,0.1,jitter,10,0.7575757575757577,1,0,0,1093.1,75,910.3,0,0,63,206,504,,,0,24,0,1787.2,1069,0
crowd,100,7,0.1,trickle,10,0.7575757575757577,1,0,0,3018.3,75,2638.8,158,0,176.3,85.49146539717913,199.0888718701899,,,0,24,0,1787.2,3417,0
crowd,100,7,0.3,current,10,0.6838383838383838,0.9026666666666667,0,0,286.5,67.7,132,0,38.4,16.2,236,566,,,0,24,7.3,1787.2,279,0
crowd,100,7,0.3,jitter,10,0.7565656565656568,0.9986666666666666,0,0,1089.8,74.9,685.7,0,0,62.8,220,536,,,0,24,0.1,1787.2,858,0
crowd,100,7,0.3,trickle,10,0.7575757575757577,1,0,0,3195.7,75,2158,114.3,0,186.1,89.72193421982229,209.2211615666747,,,0,24,0,1787.2,2839,0
crowd,100,7,0.5,current,10,0.6525252525252527,0.8613333333333333,0,0,358.8,64.6,116.6,0,32.9,20.3,267,591,,,0,24,10.4,1787.2,274,0
crowd,100,7,0.5,jitter,10,0.7444444444444445,0.9826666666666666,0,0,1072.8,73.7,466.8,0,0,61.8,270,570,,,0,24,1.3,1787.2,627,0
crowd,100,7,0.5,trickle,10,0.7575757575757577,1,0,0,3181.9,75,1509.5,70.4,0,185.1,106.41624757274985,231.69448908418417,,,0,24,0,1787.2,2113,0
crowd,250,1,0,current,10,0.9975903614457831,0.9975903614457831,1,1,1154.1,248.4,905.7,0,212.2,36.2,115,245,1,1,0,0,0.6,8179.4,1474,0
crowd,250,1,0,jitter,10,1,1,1,1,7930.4,249,7681.4,0,0,249,114,177,1,1,0,0,0,8179.4,8215,0
crowd,250,1,0,trickle,10,1,1,1,1,14966.2,249,14717.2,1107.6,0,474,46.275636496022344,67.16186838038266,1,1,0,0,0,8179.4,18300,0
crowd,250,1,0.1,current,10,0.9947791164658634,0.9947791164658634,1,1,1202.3,247.7,838.3,0,209.9,37.5,121,253,1,178,0,0,1.3,8179.4,1455,0
crowd,250,1,0.1,jitter,10,1,1,1,1,7930.4,249,6888.1,0,0,249,119,198,1,178,0,0,0,8179.4,7417,0
crowd,250,1,0.1,trickle,10,1,1,1,1,16189.3,249,14331.9,1054.9,0,512.3,47.85438435897231,74.40722628310323,1,67.16186838038266,0,0,0,8179.4,17772,0
crowd,250,1,0.3,current,10,0.9939759036144578,0.9939759036144578,1,1,1511.4,247.5,803.5,0,199.5,47.4,133,284,1,227,0,0,1.5,8179.4,1383,0
crowd,250,1,0.3,jitter,10,1,1,1,1,7930.4,249,5286.8,0,0,249,129,222,1,212,0,0,0,8179.4,5828,0
crowd,250,1,0.3,trickle,10,1,1,1,1,19447.6,249,13339.9,870.2,0,614.1,51.08878360874951,89.69642300345004,1,78.44025519490242,0,0,0,8179.4,16571,0
crowd,250,1,0.5,current,10,0.9903614457831325,0.9903614457831325,1,1,1966.7,246.6,722.7,0,183.5,62.1,188,348,1,303,0,0,2.4,8179.4,1298,0
crowd,250,1,0.5,jitter,10,1,1,1,1,7930.4,249,3692.9,0,0,249,162,260,1,268,0,0,0,8179.4,4239,0
crowd,250,1,0.5,trickle,10,1,1,1,1,23072.1,249,11256,584.3,0,727,61.96400895528495,102.50228040106595,1,104.85892407782376,0,0,0,8179.4,14054,0
crowd,250,3,0,current,10,0.9947791164658634,0.9947791164658634,1,1,1113.1,247.7,865.4,0,210.7,35.5,145,347,239,336,0,0,1.3,7980.6,1400,0
crowd,250,3,0,jitter,10,1,1,1,1,7731.6,249,7482.6,0,0,249,126,247,232,254,0,0,0,7980.6,8017,0
crowd,250,3,0,trickle,10,1,1,1,1,14601.2,249,14352.2,1108.7,0,474.5,50.07657090947032,97.92159412242472,92.6532523445785,99.98076260276139,0,0,0,7980.6,17821,0
crowd,250,3,0.1,current,10,0.9927710843373493,0.9927710843373493,1,1,1182.7,247.2,821.4,0,208.4,37.8,156,343,242,347,0,0,1.8,7980.6,1371,0
crowd,250,3,0.1,jitter,10,1,1,1,1,7731.6,249,6706.3,0,0,249,131,255,234,263,0,0,0,7980.6,7244,0
crowd,250,3,0.1,trickle,10,1,1,1,1,15845.1,249,14018.3,1044.1,0,514.6,51.872428718954325,101.29462410882115,93.68620754405856,103.05238807760179,0,0,0,7980.6,17531,0
crowd,250,3,0.3,current,10,0.9895582329317267,0.9895582329317267,0.9,1,1479.7,246.4,790.6,0,195.8,48.4,207,384,275,354,0,0,2.6,7980.6,1371,0
crowd,250,3,0.3,jitter,10,1,1,1,1,7731.6,249,5155.3,0,0,249,153,277,250,309,0,0,0,7980.6,5734,0
crowd,250,3,0.3,trickle,10,1,1,1,1,19070.3,249,13096.8,855.1,0,618.7,59.112080343067646,109.2485333904624,98.99877945147455,137.77488192170858,0,0,0,7980.6,16355,0
crowd,250,3,0.5,current,10,0.9851405622489959,0.9851405622489959,1,1,1868.4,245.3,682.8,0,178.7,59.8,231,432,269,490,0,0,3.7,7980.6,1230,0
crowd,250,3,0.5,jitter,10,1,1,1,1,7731.6,249,3608.8,0,0,249,199,332,268,330,0,0,0,7980.6,4202,0
crowd,250,3,0.5,trickle,10,1,1,1,1,22432.3,249,10966.4,584.4,0,725.1,74.23547842353582,130.37097206525505,104.9083147495985,125.53127934411168,0,0,0,7980.6,13874,0
crowd,250,7,0,current,10,0.7056224899598392,0.9395721925133691,0,0,644.2,175.7,468.5,0,123.9,21.3,218,547,,,0,62,11.3,7569,837,0
crowd,250,7,0,jitter,10,0.7510040160642572,1,0,0,4616.3,187,4429.3,0,0,156,203,452,,,0,62,0,7569,4807,0
crowd,250,7,0,trickle,10,0.7510040160642572,1,0,0,9448.2,187,9261.2,636.4,0,322.7,83.4615090135485,183.49425040185452,,,0,62,0,7569,11463,0
crowd,250,7,0.1,current,10,0.7088353413654618,0.943850267379679,0,0,728.6,176.5,481.9,0,118.1,24.4,219,526,,,0,62,10.5,7569,869,0
crowd,250,7,0.1,jitter,10,0.7510040160642572,1,0,0,4616.3,187,3966.2,0,0,156,203,457,,,0,62,0,7569,4356,0
crowd,250,7,0.1,trickle,10,0.7510040160642572,1,0,0,10156.2,187,8943.9,591,0,346.6,84.87767095863819,184.0854098647833,,,0,62,0,7569,11084,0
crowd,250,7,0.3,current,10,0.702008032128514,0.9347593582887701,0,0,877.6,174.8,443.3,0,110.7,29.5,243,549,,,0,62,12.2,7569,819,0
crowd,250,7,0.3,jitter,10,0.7510040160642572,1,0,0,4616.3,187,3044.5,0,0,156,211,467,,,0,62,0,7569,3446,0
crowd,250,7,0.3,trickle,10,0.7510040160642572,1,0,0,12010,187,8209.7,468.6,0,408.8,85.63437127694488,192.273157145828,,,0,62,0,7569,10247,0
crowd,250,7,0.5,current,10,0.6791164658634539,0.9042780748663102,0,0,1095.3,169.1,384.1,0,97.9,36.3,266,592,,,0,62,17.9,7569,733,0
crowd,250,7,0.5,jitter,10,0.7510040160642572,1,0,0,4600.2,187,2123.1,0,0,155.4,239,511,,,0,62,0,7569,2522,0
crowd,250,7,0.5,trickle,10,0.7510040160642572,1,0,0,13423.7,187,6518.1,312,0,455.4,95.56646478548646,202.60037842206657,,,0,62,0,7569,8243,0
sole-bridge,10,1,0,current,10,1,1,1,1,15.3,9,6.3,0,5.9,3.1,1,149,1,1,0,0,0,42,28,0
sole-bridge,10,1,0,jitter,10,1,1,1,1,33,9,24,0,0,9,1,149,1,1,0,0,0,42,43,0
sole-bridge,10,1,0,trickle,10,1,1,1,1,89,9,80,7.9,0,27,1,80.64026127383113,1,1,0,0,0,42,153,0
sole-bridge,10,1,0.1,current,10,0.888888888888889,0.888888888888889,0.8,1,18.4,8,7.7,0,3.8,4.2,1,182,1,1,0,0,1,42,29,0
sole-bridge,10,1,0.1,jitter,10,0.888888888888889,0.888888888888889,0.8,1,29.8,8,18.3,0,0,8,1,182,1,1,0,0,1,42,42,0
sole-bridge,10,1,0.1,trickle,10,0.888888888888889,0.888888888888889,0.8,1,79.4,8,63.1,4.5,0,24,1,109.11369594931602,1,1,0,0,1,42,143,0
sole-bridge,10,1,0.3,current,10,0.7,0.7,0.5,1,18.1,6.3,5.2,0,2.1,4.2,65,220,1,1,0,0,2.7,42,29,0
sole-bridge,10,1,0.3,jitter,10,0.7,0.7,0.5,1,24.4,6.3,9.2,0,0,6.3,65,220,1,1,0,0,2.7,42,34,0
sole-bridge,10,1,0.3,trickle,10,0.7222222222222223,0.7222222222222223,0.5,1,65,6.5,37.8,1.4,0,19.5,44.45359274558723,133.8592445217073,1,1,0,0,2.5,42,116,0
sole-bridge,10,1,0.5,current,10,0.4555555555555556,0.4555555555555556,0.3,1,14.9,4.1,2.6,0,0.9,3.2,1,220,1,1,0,0,4.9,42,27,0
sole-bridge,10,1,0.5,jitter,10,0.4555555555555556,0.4555555555555556,0.3,1,17.6,4.1,3.5,0,0,4.1,1,220,1,1,0,0,4.9,42,31,0
sole-bridge,10,1,0.5,trickle,10,0.5666666666666668,0.5666666666666668,0.3,1,51.8,5.1,20.7,0.3,0,15.3,48.826955834403634,237.3162227384746,1,1,0,0,3.9,42,97,0
sole-bridge,10,3,0,current,10,0.6444444444444444,0.6444444444444444,0.2,1,10.6,5.8,4.8,0,4.2,1.6,1,241,200,241,0,0,3.2,43.4,27,0
sole-bridge,10,3,0,jitter,10,1,1,1,1,34.4,9,25.4,0,0,9,1,285,260,307,0,0,0,43.4,45,0
sole-bridge,10,3,0,trickle,10,1,1,1,1,93.6,9,84.6,11.7,0,27,1,282.8239226359874,133.7570981606841,549.4476269017905,0,0,0,43.4,169,0
sole-bridge,10,3,0.1,current,10,0.6888888888888889,0.6888888888888889,0.3,1,13.8,6.2,6.1,0,3.7,2.5,1,241,214,241,0,0,2.8,43.4,28,0
sole-bridge,10,3,0.1,jitter,10,0.9555555555555555,0.9555555555555555,0.9,1,33.5,8.6,21.4,0,0,8.6,90,285,260,307,0,0,0.4,43.4,44,0
sole-bridge,10,3,0.1,trickle,10,1,1,1,1,93.6,9,73.7,7.4,0,27,45.60638614743948,282.8239226359874,134.5898035094142,519.1699511948973,0,0,0,43.4,156,0
sole-bridge,10,3,0.3,current,10,0.8222222222222222,0.8222222222222222,0.6,1,19.7,7.4,6.4,0,2.9,4.4,69,326,256,427,0,0,1.6,43.4,27,0
sole-bridge,10,3,0.3,jitter,10,0.9111111111111111,0.9111111111111111,0.8,1,32.6,8.2,14.8,0,0,8.2,91,326,268,381,0,0,0.8,43.4,36,0
sole-bridge,10,3,0.3,trickle,10,1,1,1,1,93.6,9,54.6,4,0,27,56.72766893915832,227.69503288157284,141.84701296687126,287.74947976879776,0,0,0,43.4,126,0
sole-bridge,10,3,0.5,current,10,0.6777777777777777,0.6777777777777777,0.3,1,20.6,6.1,4.5,0,1.9,4.2,90,308,308,387,0,0,2.9,43.4,25,0
sole-bridge,10,3,0.5,jitter,10,0.7555555555555555,0.7555555555555555,0.5,1,29.5,6.8,8,0,0,6.7,95,390,341,584,0,0,2.2,43.4,30,0
sole-bridge,10,3,0.5,trickle,10,0.9555555555555555,0.9555555555555555,0.9,1,89.7,8.6,36.9,2.2,0,25.2,74.08066496998072,334.138767529279,247.63068791665137,325.4981769900769,0,0,0.4,43.4,104,0
sole-bridge,10,7,0,current,10,0.6666666666666666,0.75,0,0,8.6,6,2.6,0,2,3.4,1,265,,,0,1,2,26,19,0
sole-bridge,10,7,0,jitter,10,0.8888888888888891,1,0,0,16,8,8,0,0,7,118,281,,,0,1,0,26,24,0
sole-bridge,10,7,0,trickle,10,0.8888888888888891,1,0,0,42,8,34,2.6,0,21,66.65050680562854,292.59281506203115,,,0,1,0,26,86,0
sole-bridge,10,7,0.1,current,10,0.7222222222222222,0.8125,0,0,10.8,6.5,3.4,0,1.3,4.5,93,328,,,0,1,1.5,26,20,0
sole-bridge,10,7,0.1,jitter,10,0.788888888888889,0.8875,0,0,15.4,7.1,7,0,0,6.4,97,302,,,0,1,0.9,26,24,0
sole-bridge,10,7,0.1,trickle,10,0.8777777777777779,0.9875,0,0,41.7,7.9,29.5,1.8,0,20.7,96.95666621625423,379.3957699276507,,,0,1,0.1,26,81,0
sole-bridge,10,7,0.3,current,10,0.47777777777777775,0.5375,0,0,8.9,4.3,2,0,1.1,3,77,294,,,0,1,3.7,26,19,0
sole-bridge,10,7,0.3,jitter,10,0.611111111111111,0.6875,0,0,13.7,5.5,4.6,0,0,5.2,97,308,,,0,1,2.5,26,22,0
sole-bridge,10,7,0.3,trickle,10,0.8222222222222222,0.925,0,0,40.8,7.4,19.8,1.2,0,19.8,123.57395643554628,1153.6913114003837,,,0,1,0.6,26,72,0
sole-bridge,10,7,0.5,current,10,0.37777777777777777,0.425,0,0,9,3.4,1.6,0,0.8,2.6,1,281,,,0,1,4.6,26,14,0
sole-bridge,10,7,0.5,jitter,10,0.4777777777777777,0.5375,0,0,12.4,4.3,2.3,0,0,4.2,91,287,,,0,1,3.7,26,19,0
sole-bridge,10,7,0.5,trickle,10,0.7333333333333334,0.825,0,0,39.3,6.6,12.4,0.6,0,18.3,113.16102282330394,659.3778484351933,,,0,1,1.4,26,61,0
sole-bridge,25,1,0,current,10,1,1,1,1,61,24,37,0,16.9,7.1,91,236,1,1,0,0,0,212.8,95,0
sole-bridge,25,1,0,jitter,10,1,1,1,1,188.8,24,164.8,0,0,24,91,236,1,1,0,0,0,212.8,229,0
sole-bridge,25,1,0,trickle,10,1,1,1,1,542.8,24,518.8,45.9,0,71.4,45.44667992554605,103.04222285933793,1,1,0,0,0,212.8,817,0
sole-bridge,25,1,0.1,current,10,0.9958333333333333,0.9958333333333333,1,1,65,23.9,35.5,0,16.3,7.6,95,285,1,1,0,0,0.1,212.8,92,0
sole-bridge,25,1,0.1,jitter,10,1,1,1,1,188.8,24,148.1,0,0,24,95,250,1,1,0,0,0,212.8,216,0
sole-bridge,25,1,0.1,trickle,10,1,1,1,1,545.9,24,467.8,37.8,0,71.8,45.65533594973385,112.32137131690979,1,1,0,0,0,212.8,756,0
sole-bridge,25,1,0.3,current,10,0.8083333333333333,0.8083333333333333,0.7,1,64.7,19.4,27.5,0,12,7.4,97,277,1,1,0,0,4.6,212.8,97,0
sole-bridge,25,1,0.3,jitter,10,0.85,0.85,0.7,1,161.3,20.4,92.4,0,0,20.4,99,250,1,1,0,0,3.6,212.8,177,0
sole-bridge,25,1,0.3,trickle,10,0.85,0.85,0.7,1,465.3,20.4,305.8,20.3,0,61.2,46.2901065479964,118.15727501362562,1,1,0,0,3.6,212.8,611,0
sole-bridge,25,1,0.5,current,10,0.6666666666666666,0.6666666666666666,0.4,1,74,16,19.4,0,7,8.8,107,359,1,1,0,0,8,212.8,77,0
sole-bridge,25,1,0.5,jitter,10,0.6916666666666667,0.6916666666666667,0.4,1,133.7,16.6,51.4,0,0,16.6,110,359,1,1,0,0,7.4,212.8,130,0
sole-bridge,25,1,0.5,trickle,10,0.7,0.7,0.4,1,386.4,16.8,179.5,9.8,0,50.4,52.085219740867615,165.61256611347198,1,1,0,0,7.2,212.8,431,0
sole-bridge,25,3,0,current,10,0.55,0.55,0.1,1,35.5,13.2,22.3,0,9.4,3.8,1,310,310,310,0,0,10.8,211.8,78,0
sole-bridge,25,3,0,jitter,10,1,1,1,1,187.8,24,163.8,0,0,24,128,422,310,422,0,0,0,211.8,225,0
sole-bridge,25,3,0,trickle,10,1,1,1,1,543.5,24,519.5,41.1,0,71.8,56.74315564148128,554.6549283210188,148.51126138307154,1193.9054936282337,0,0,0,211.8,770,0
sole-bridge,25,3,0.1,current,10,0.5958333333333333,0.5958333333333333,0.2,1,42,14.3,23.1,0,9.5,4.7,1,430,236,310,0,0,9.7,211.8,82,0
sole-bridge,25,3,0.1,jitter,10,0.95,0.95,0.9,1,175,22.8,131.7,0,0,22.4,114,469,327,487,0,0,1.2,211.8,201,0
sole-bridge,25,3,0.1,trickle,10,1,1,1,1,533.6,24,453.9,33.8,0,70.6,60.4694519918412,1151.7652339730412,287.0052106976509,1193.9054936282337,0,0,0,211.8,702,0
sole-bridge,25,3,0.3,current,10,0.6166666666666667,0.6166666666666667,0.3,1,53.5,14.8,23.4,0,8.9,5.9,91,430,290,310,0,0,9.2,211.8,88,0
sole-bridge,25,3,0.3,jitter,10,0.7958333333333333,0.7958333333333333,0.6,1,149.7,19.1,85,0,0,18.7,107,492,310,487,0,0,4.9,211.8,165,0
sole-bridge,25,3,0.3,trickle,10,0.95,0.95,0.9,1,506.6,22.8,330.9,20.8,0,67.2,60.4694519918412,1587.48938177526,264.71665327623487,1647.6875731926411,0,0,1.2,211.8,561,0
sole-bridge,25,3,0.5,current,10,0.5083333333333333,0.5083333333333333,0.1,1,54.8,12.2,15.1,0,5.7,6.2,103,323,236,236,0,0,11.8,211.8,63,0
sole-bridge,25,3,0.5,jitter,10,0.6166666666666666,0.6166666666666666,0.3,1,116,14.8,41.5,0,0,14.3,114,531,422,553,0,0,9.2,211.8,115,0
sole-bridge,25,3,0.5,trickle,10,0.9375,0.9375,0.9,1,457.7,22.5,205,9.4,0,60.3,106.13901332207024,1665.9560121297836,538.0598364453763,1829.6560489851981,0,0,1.5,211.8,416,0
sole-bridge,25,7,0,current,10,0.475,0.6333333333333332,0,0,22.1,11.4,10.7,0,7.5,2.9,1,395,,,0,6,6.6,163.8,44,0
sole-bridge,25,7,0,jitter,10,0.75,1,0,0,80,18,62,0,0,13,151,539,,,0,6,0,163.8,98,0
sole-bridge,25,7,0,trickle,10,0.75,1,0,0,228.6,18,210.6,17.8,0,39,69.49287627637386,639.1185397375375,,,0,6,0,163.8,346,0
sole-bridge,25,7,0.1,current,10,0.4833333333333334,0.6444444444444445,0,0,28.2,11.6,13.2,0,6.7,4,91,407,,,0,6,6.4,163.8,46,0
sole-bridge,25,7,0.1,jitter,10,0.65,0.8666666666666668,0,0,78.5,15.6,54,0,0,12.7,139,499,,,0,6,2.4,163.8,91,0
sole-bridge,25,7,0.1,trickle,10,0.7291666666666666,0.9722222222222221,0,0,227.1,17.5,185.9,14.3,0,38.7,86.63128098659217,387.7480110619217,,,0,6,0.5,163.8,315,0
sole-bridge,25,7,0.3,current,10,0.4541666666666667,0.6055555555555555,0,0,33.5,10.9,12.1,0,5,4.9,139,415,,,0,6,7.1,163.8,43,0
sole-bridge,25,7,0.3,jitter,10,0.5999999999999999,0.8,0,0,78.1,14.4,39.8,0,0,12.6,160,575,,,0,6,3.6,163.8,76,0
sole-bridge,25,7,0.3,trickle,10,0.7041666666666666,0.9388888888888889,0,0,225.6,16.9,140.4,8.5,0,38.4,101.20750419981778,623.1875273771584,,,0,6,1.1,163.8,250,0
sole-bridge,25,7,0.5,current,10,0.4333333333333334,0.5777777777777778,0,0,41.8,10.4,10.3,0,3,6.1,175,457,,,0,6,7.6,163.8,44,0
sole-bridge,25,7,0.5,jitter,10,0.5041666666666667,0.6722222222222223,0,0,68.1,12.1,22.8,0,0,10.6,189,501,,,0,6,5.9,163.8,64,0
sole-bridge,25,7,0.5,trickle,10,0.575,0.7666666666666667,0,0,200.7,13.8,86.9,3.4,0,33.3,109.66992016136646,389.4389206916094,,,0,6,4.2,163.8,207,0
sole-bridge,50,1,0,current,10,0.9959183673469388,0.9959183673469388,1,1,153.3,48.8,104.5,0,37.8,10.8,116,310,1,1,0,0,0.2,710.4,220,0
sole-bridge,50,1,0,jitter,10,1,1,1,1,661.4,49,612.4,0,0,49,116,286,1,1,0,0,0,710.4,725,0
sole-bridge,50,1,0,trickle,10,1,1,1,1,1708,49,1659,145.9,0,128.9,46.77698044851422,110.50131446868181,1,1,0,0,0,710.4,2294,0
sole-bridge,50,1,0.1,current,10,0.8346938775510203,0.8346938775510203,0.7,1,135.2,40.9,81.6,0,31.6,9.3,112,315,1,1,0,0,8.1,710.4,201,0
sole-bridge,50,1,0.1,jitter,10,0.846938775510204,0.846938775510204,0.7,1,562.2,41.5,463.9,0,0,41.5,112,310,1,1,0,0,7.5,710.4,670,0
sole-bridge,50,1,0.1,trickle,10,0.846938775510204,0.846938775510204,0.7,1,1543.3,41.5,1346.3,107.6,0,116.2,45.391985818743706,120.21504308283329,1,1,0,0,7.5,710.4,2195,0
sole-bridge,50,1,0.3,current,10,0.7387755102040816,0.7387755102040816,0.5,1,157.5,36.2,73.6,0,25,11.1,136,383,1,1,0,0,12.8,710.4,205,0
sole-bridge,50,1,0.3,jitter,10,0.7448979591836734,0.7448979591836734,0.5,1,495.8,36.5,310,0,0,36.5,135,315,1,1,0,0,12.5,710.4,543,0
sole-bridge,50,1,0.3,trickle,10,0.7448979591836734,0.7448979591836734,0.5,1,1449.2,36.5,979.3,63.6,0,108.9,52.965738743543625,120.21504308283329,1,1,0,0,12.5,710.4,1817,0
sole-bridge,50,1,0.5,current,10,0.6653061224489796,0.6653061224489796,0.4,1,182.7,32.6,57.4,0,19.4,12.9,141,422,1,1,0,0,16.4,710.4,194,0
sole-bridge,50,1,0.5,jitter,10,0.6918367346938774,0.6918367346938774,0.4,1,460.1,33.9,196.6,0,0,33.9,144,362,1,1,0,0,15.1,710.4,420,0
sole-bridge,50,1,0.5,trickle,10,0.693877551020408,0.693877551020408,0.4,1,1352.8,34,643.7,36.8,0,102,56.07248388044536,135.74857618846,1,1,0,0,15,710.4,1356,0
sole-bridge,50,3,0,current,10,0.653061224489796,0.653061224489796,0.3,1,103.3,32,71.3,0,24.8,7.1,103,390,289,345,0,0,17,703.4,210,0
sole-bridge,50,3,0,jitter,10,1,1,1,1,654.4,49,605.4,0,0,49,130,480,345,398,0,0,0,703.4,719,0
sole-bridge,50,3,0,trickle,10,1,1,1,1,1711.5,49,1662.5,146.4,0,130.4,51.57319552078843,307.3910285588354,130.88599082268775,529.9654060713947,0,0,0,703.4,2296,0
sole-bridge,50,3,0.1,current,10,0.6326530612244897,0.6326530612244897,0.3,1,102.5,31,61.9,0,21.9,7,103,543,345,543,0,0,18,703.4,208,0
sole-bridge,50,3,0.1,jitter,10,0.9510204081632653,0.9510204081632653,0.9,1,599.1,46.6,495,0,0,44.7,142,533,356,533,0,0,2.4,703.4,667,0
sole-bridge,50,3,0.1,trickle,10,1,1,1,1,1748.8,49,1525.8,118.2,0,132.9,66.03529110364616,590.7711236234754,141.10803373344243,1746.8934361599386,0,0,0,703.4,2161,0
sole-bridge,50,3,0.3,current,10,0.5959183673469387,0.5959183673469387,0.2,1,130.4,29.2,60.2,0,19.4,8.9,107,527,421,589,0,0,19.8,703.4,189,0
sole-bridge,50,3,0.3,jitter,10,0.706122448979592,0.706122448979592,0.4,1,436.1,34.6,265.9,0,0,32.2,118,554,417,577,0,0,14.4,703.4,498,0
sole-bridge,50,3,0.3,trickle,10,0.9510204081632654,0.9510204081632654,0.9,1,1690,46.6,1128.5,71,0,128,67.87157521396875,590.4037429969758,255.56172875873744,668.3867102079093,0,0,2.4,703.4,1799,0
sole-bridge,50,3,0.5,current,10,0.6489795918367347,0.6489795918367347,0.3,1,170,31.8,54.9,0,16.1,11.8,167,639,546,719,0,0,17.2,703.4,191,0
sole-bridge,50,3,0.5,jitter,10,0.7020408163265307,0.7020408163265307,0.4,1,410.3,34.4,168.7,0,0,30.1,154,656,546,641,0,0,14.6,703.4,375,0
sole-bridge,50,3,0.5,trickle,10,0.9469387755102041,0.9469387755102041,0.9,1,1525.6,46.4,721.6,36.9,0,114.9,87.49397906661034,1690.054233238101,250.34419163316488,3174.1494489517063,0,0,2.6,703.4,1397,0
sole-bridge,50,7,0,current,10,0.5551020408163266,0.7575396825396826,0,0,73.4,27.2,46.2,0,19.7,5.5,108,618,,,0,13.1,8.7,605.2,108,0
sole-bridge,50,7,0,jitter,10,0.7326530612244897,1,0,0,306.5,35.9,270.6,0,0,26,139,630,,,0,13.1,0,605.2,345,0
sole-bridge,50,7,0,trickle,10,0.7326530612244897,1,0,0,828.4,35.9,792.5,65.5,0,72.6,55.7477847840637,1296.3676141295582,,,0,13.1,0,605.2,1140,0
sole-bridge,50,7,0.1,current,10,0.5530612244897959,0.7547619047619049,0,0,89.7,27.1,52.9,0,18.4,6.8,112,510,,,0,13.1,8.8,605.2,117,0
sole-bridge,50,7,0.1,jitter,10,0.7122448979591838,0.972063492063492,0,0,306.5,34.9,240.2,0,0,26,130,630,,,0,13.1,1,605.2,319,0
sole-bridge,50,7,0.1,trickle,10,0.7306122448979592,0.9972222222222221,0,0,872.9,35.8,747,54.5,0,76.2,54.22071544267237,605.3659814409912,,,0,13.1,0.1,605.2,1056,0
sole-bridge,50,7,0.3,current,10,0.5142857142857143,0.701984126984127,0,0,104.9,25.2,47.5,0,15.7,8.3,123,443,,,0,13.1,10.7,605.2,117,0
sole-bridge,50,7,0.3,jitter,10,0.6408163265306122,0.8747619047619046,0,0,304.5,31.4,178.4,0,0,25.8,133,555,,,0,13.1,4.5,605.2,255,0
sole-bridge,50,7,0.3,trickle,10,0.7306122448979592,0.9972222222222221,0,0,896.3,35.8,591,37.9,0,78,74.36292373389006,620.8288651145995,,,0,13.1,0.1,605.2,872,0
sole-bridge,50,7,0.5,current,10,0.4897959183673469,0.6685714285714285,0,0,128.3,24,39.5,0,13,10.1,164,467,,,0,13.1,11.9,605.2,96,0
sole-bridge,50,7,0.5,jitter,10,0.5775510204081632,0.7884126984126985,0,0,302.5,28.3,119.3,0,0,25.6,173,540,,,0,13.1,7.6,605.2,185,0
sole-bridge,50,7,0.5,trickle,10,0.6877551020408162,0.9388888888888888,0,0,893.3,33.7,414.4,22.2,0,77.7,89.82180551812053,671.4239640813321,,,0,13.1,2.2,605.2,644,0
sole-bridge,100,1,0,current,10,0.9959595959595958,0.9959595959595958,1,1,363.8,98.6,265.2,0,79.2,19.3,153,341,1,1,0,0,0.4,1928,496,0
sole-bridge,100,1,0,jitter,10,1,1,1,1,1829,99,1730,0,0,99,132,329,1,1,0,0,0,1928,1955,0
sole-bridge,100,1,0,trickle,10,1,1,1,1,4482,99,4383,327.8,0,246.5,52.2259604819119,124.91113727167249,1,1,0,0,0,1928,5698,0
sole-bridge,100,1,0.1,current,10,0.9434343434343434,0.9434343434343434,0.9,1,365.4,93.4,235.1,0,73.9,19.5,153,351,1,1,0,0,5.6,1928,486,0
sole-bridge,100,1,0.1,jitter,10,0.9494949494949495,0.9494949494949495,0.9,1,1736.1,94,1474,0,0,94,135,333,1,1,0,0,5,1928,1779,0
sole-bridge,100,1,0.1,trickle,10,0.9494949494949495,0.9494949494949495,0.9,1,4522.8,94,3976.3,274.5,0,248.7,53.021478809416294,126.45463057979941,1,1,0,0,5,1928,5419,0
sole-bridge,100,1,0.3,current,10,0.7898989898989898,0.7898989898989898,0.6,1,387.9,78.2,193.1,0,57.2,20.7,139,377,1,1,0,0,20.8,1928,454,0
sole-bridge,100,1,0.3,jitter,10,0.7979797979797979,0.7979797979797979,0.6,1,1461,79,947.3,0,0,79,133,337,1,1,0,0,20,1928,1413,0
sole-bridge,100,1,0.3,trickle,10,0.7979797979797979,0.7979797979797979,0.6,1,4256.1,79,2899.9,165.7,0,232.7,52.420636869966984,127.80323432013392,1,1,0,0,20,1928,4702,0
sole-bridge,100,1,0.5,current,10,0.6797979797979798,0.6797979797979798,0.4,1,427.9,67.3,141.7,0,41.9,22.9,189,505,1,1,0,0,31.7,1928,420,0
sole-bridge,100,1,0.5,jitter,10,0.6969696969696969,0.6969696969696969,0.4,1,1255.8,69,557.1,0,0,67.8,167,469,1,1,0,0,30,1928,1044,0
sole-bridge,100,1,0.5,trickle,10,0.6969696969696969,0.6969696969696969,0.4,1,3731.4,69,1789.1,88.4,0,203.7,63.57966691069305,179.15149797312915,1,1,0,0,30,1928,3501,0
sole-bridge,100,3,0,current,10,0.5929292929292929,0.5929292929292929,0.2,1,214.7,58.7,156,0,47.2,11.1,105,373,203,267,0,0,40.3,1926.6,443,0
sole-bridge,100,3,0,jitter,10,1,1,1,1,1827.6,99,1728.6,0,0,99,159,446,267,345,0,0,0,1926.6,1947,0
sole-bridge,100,3,0,trickle,10,1,1,1,1,4467.5,99,4368.5,330.4,0,246.4,61.637598395347595,252.36524789221585,106.47464070655406,243.2241608593613,0,0,0,1926.6,5694,0
sole-bridge,100,3,0.1,current,10,0.5898989898989898,0.5898989898989898,0.2,1,228.4,58.4,146.8,0,46.1,11.7,107,373,305,373,0,0,40.6,1926.6,444,0
sole-bridge,100,3,0.1,jitter,10,0.898989898989899,0.898989898989899,0.8,1,1644.6,89,1391.7,0,0,89,126,438,273,444,0,0,10,1926.6,1783,0
sole-bridge,100,3,0.1,trickle,10,1,1,1,1,4686.4,99,4109.7,276.3,0,257.3,61.769833758473396,2236.4936967864633,126.36435669101775,2292.697332786396,0,0,0,1926.6,5466,0
sole-bridge,100,3,0.3,current,10,0.6393939393939393,0.6393939393939393,0.2,1,310.5,63.3,155.3,0,46.2,15.8,126,427,251,419,0,0,35.7,1926.6,428,0
sole-bridge,100,3,0.3,jitter,10,0.8484848484848484,0.8484848484848484,0.7,1,1435.9,84,923.7,0,0,77.4,139,510,361,596,0,0,15,1926.6,1408,0
sole-bridge,100,3,0.3,trickle,10,1,1,1,1,4779.9,99,3229.5,178.2,0,260.7,83.1718043256551,1737.1360192000866,162.53408207185566,1784.9183076024055,0,0,0,1926.6,4705,0
sole-bridge,100,3,0.5,current,10,0.5353535353535352,0.5353535353535352,0.1,1,332.5,53,110.1,0,34.3,17.3,131,393,393,393,0,0,46,1926.6,354,0
sole-bridge,100,3,0.5,jitter,10,0.6898989898989899,0.6898989898989899,0.4,1,1062.9,68.3,462.6,0,0,56.9,141,549,393,411,0,0,30.7,1926.6,878,0
sole-bridge,100,3,0.5,trickle,10,0.9191919191919192,0.9191919191919192,0.9,1,3984.1,91,1888.7,88.3,0,216.4,87.473977368325,1737.1360192000866,294.6212448980659,1784.9183076024055,0,0,8,1926.6,3470,0
sole-bridge,100,7,0,current,10,0.5131313131313132,0.7388292437374177,0,0,172,50.8,121.2,0,39.3,9.6,114,446,,,0,30.2,18,1758.6,257,0
sole-bridge,100,7,0,jitter,10,0.694949494949495,1,0,0,885.6,68.8,816.8,0,0,52,144,594,,,0,30.2,0,1758.6,966,0
sole-bridge,100,7,0,trickle,10,0.694949494949495,1,0,0,2208.4,68.8,2139.6,163.8,0,132.3,61.7323286626488,587.6008011214435,,,0,30.2,0,1758.6,2850,0
sole-bridge,100,7,0.1,current,10,0.5434343434343435,0.7831097821036999,0,0,191.4,53.8,120.8,0,38.5,10.6,141,512,,,0,30.2,15,1758.6,262,0
sole-bridge,100,7,0.1,jitter,10,0.6676767676767676,0.9616215108211075,0,0,883.7,66.1,732.9,0,0,51.9,158,642,,,0,30.2,2.7,1758.6,881,0
sole-bridge,100,7,0.1,trickle,10,0.694949494949495,1,0,0,2362,68.8,2058.8,147,0,141.2,66.35441268607974,587.6008011214435,,,0,30.2,0,1758.6,2746,0
sole-bridge,100,7,0.3,current,10,0.5393939393939394,0.7763720952273936,0,0,241.7,53.4,119.7,0,36.6,13.9,186,580,,,0,30.2,15.4,1758.6,239,0
sole-bridge,100,7,0.3,jitter,10,0.5969696969696969,0.858979992998927,0,0,878.9,59.1,562,0,0,51.6,161,642,,,0,30.2,9.7,1758.6,702,0
sole-bridge,100,7,0.3,trickle,10,0.6737373737373737,0.9692211651914515,0,0,2577.5,66.7,1740.3,104.8,0,153.4,74.21963089890778,1034.4242088273168,,,0,30.2,2.1,1758.6,2351,0
sole-bridge,100,7,0.5,current,10,0.491919191919192,0.7081757958779384,0,0,278.5,48.7,95.2,0,30.5,15.9,186,488,,,0,30.2,20.1,1758.6,207,0
sole-bridge,100,7,0.5,jitter,10,0.5454545454545455,0.7852238555072338,0,0,873.8,54,389.5,0,0,51.3,185,472,,,0,30.2,14.8,1758.6,525,0
sole-bridge,100,7,0.5,trickle,10,0.6121212121212121,0.8808779096177503,0,0,2602.5,60.6,1247.2,65.1,0,154.7,76.78118367493153,621.2863920815289,,,0,30.2,8.2,1758.6,1814,0
sole-bridge,250,1,0,current,10,0.9951807228915662,0.9951807228915662,1,1,1087,247.8,839.2,0,212,35,151,344,1,1,0,0,1.2,7861.4,1432,0
sole-bridge,250,1,0,jitter,10,1,1,1,1,7612.4,249,7363.4,0,0,249,135,325,1,1,0,0,0,7861.4,7925,0
sole-bridge,250,1,0,trickle,10,1,1,1,1,14234.4,249,13985.4,1099.8,0,469.3,53.13726055249572,123.56436309590936,1,1,0,0,0,7861.4,17516,0
sole-bridge,250,1,0.1,current,10,0.9449799196787148,0.9449799196787148,0.9,1,1140,235.3,790,0,197.7,37.2,155,376,1,1,0,0,13.7,7861.4,1436,0
sole-bridge,250,1,0.1,jitter,10,0.9497991967871485,0.9497991967871485,0.9,1,7232.4,236.5,6278.1,0,0,236.5,135,330,1,1,0,0,12.5,7861.4,7164,0
sole-bridge,250,1,0.1,trickle,10,0.9497991967871485,0.9497991967871485,0.9,1,14847.1,236.5,13117.2,983.9,0,489.6,53.170234279707074,125.90873946622014,1,1,0,0,12.5,7861.4,17231,0
sole-bridge,250,1,0.3,current,10,0.7927710843373494,0.7927710843373494,0.6,1,1134.6,197.4,603,0,159.5,36.9,152,382,1,1,0,0,51.6,7861.4,1305,0
sole-bridge,250,1,0.3,jitter,10,0.7991967871485943,0.7991967871485943,0.6,1,6089.4,199,4064.7,0,0,199,137,336,1,1,0,0,50,7861.4,5622,0
sole-bridge,250,1,0.3,trickle,10,0.7991967871485943,0.7991967871485943,0.6,1,15063.8,199,10317.9,687.1,0,495.5,53.67134517803788,126.99248680099845,1,1,0,0,50,7861.4,16142,0
sole-bridge,250,1,0.5,current,10,0.6417670682730924,0.6417670682730924,0.3,1,1256.3,159.8,465.5,0,117.3,40.8,167,390,1,1,0,0,89.2,7861.4,1225,0
sole-bridge,250,1,0.5,jitter,10,0.6485943775100401,0.6485943775100401,0.3,1,4945.4,161.5,2322.8,0,0,161.5,147,324,1,1,0,0,87.5,7861.4,4087,0
sole-bridge,250,1,0.5,trickle,10,0.6485943775100401,0.6485943775100401,0.3,1,14370.7,161.5,7008.7,375,0,471.5,56.934022687375546,123.31635920517147,1,1,0,0,87.5,7861.4,13596,0
sole-bridge,250,3,0,current,10,0.5481927710843373,0.5481927710843373,0.1,1,602.6,136.5,466.1,0,117,19.2,111,465,353,353,0,0,112.5,7863.6,1339,0
sole-bridge,250,3,0,jitter,10,1,1,1,1,7614.6,249,7365.6,0,0,249,156,463,322,353,0,0,0,7863.6,7905,0
sole-bridge,250,3,0,trickle,10,1,1,1,1,14243.8,249,13994.8,1110.2,0,468.9,61.102901918813586,204.44363427907228,122.74564629606903,1716.6473946273327,0,0,0,7863.6,17502,0
sole-bridge,250,3,0.1,current,10,0.5959839357429719,0.5959839357429719,0.2,1,680.5,148.4,468.3,0,125.8,21.5,114,471,345,353,0,0,100.6,7863.6,1337,0
sole-bridge,250,3,0.1,jitter,10,0.8506024096385542,0.8506024096385542,0.7,1,6198.2,211.8,5375.1,0,0,202.3,129,501,334,436,0,0,37.2,7863.6,7182,0
sole-bridge,250,3,0.1,trickle,10,1,1,1,1,15118.2,249,13373.5,991.4,0,497.2,74.34503691084683,1770.238750508055,130.36147700808942,1792.220523931086,0,0,0,7863.6,17369,0
sole-bridge,250,3,0.3,current,10,0.6389558232931727,0.6389558232931727,0.3,1,882.4,159.1,464.6,0,119.5,28.2,138,566,353,436,0,0,89.9,7863.6,1204,0
sole-bridge,250,3,0.3,jitter,10,0.846586345381526,0.846586345381526,0.7,1,5517.6,210.8,3670.6,0,0,179.7,151,584,353,475,0,0,38.2,7863.6,5650,0
sole-bridge,250,3,0.3,trickle,10,0.9493975903614459,0.9493975903614459,0.9,1,14893,236.4,10217.5,647.9,0,488.7,70.76657083630562,3035.819855226204,168.17137985117733,3035.819855226204,0,0,12.6,7863.6,16035,0
sole-bridge,250,3,0.5,current,10,0.5441767068273091,0.5441767068273091,0.1,1,1037.9,135.5,382.7,0,99.7,33.3,148,474,345,345,0,0,113.5,7863.6,1124,0
sole-bridge,250,3,0.5,jitter,10,0.6421686746987951,0.6421686746987951,0.4,1,4560.5,159.9,2126.9,0,0,148.2,154,574,345,612,0,0,89.1,7863.6,4018,0
sole-bridge,250,3,0.5,trickle,10,0.9208835341365462,0.9208835341365462,1,1,15791,229.3,7675.6,388.6,0,516.6,89.83596228249371,2572.4553300533444,613.8381286170334,2576.742078922689,0,0,19.7,7863.6,13233,0
sole-bridge,250,7,0,current,10,0.5220883534136546,0.8419018604449487,0,0,528.8,130,398.8,0,106.9,17.5,120,378,,,0,94.5,24.5,7489,711,0
sole-bridge,250,7,0,jitter,10,0.6204819277108433,1,0,0,3681.5,154.5,3527,0,0,126,120,591,,,0,94.5,0,7489,3842,0
sole-bridge,250,7,0,trickle,10,0.6076305220883533,0.9796178343949045,0,0,7009.3,151.3,6858,554.9,0,242.4,48.10077920369804,3066.3709733914584,,,0,94.5,3.2,7489,8660,0
sole-bridge,250,7,0.1,current,10,0.5192771084337349,0.837101750076943,0,0,578.6,129.3,389.6,0,105.2,19.1,122,371,,,0,94.5,25.2,7489,702,0
sole-bridge,250,7,0.1,jitter,10,0.6080321285140563,0.9799600691195804,0,0,3681.5,151.4,3160.7,0,0,126,126,594,,,0,94.5,3.1,7489,3469,0
sole-bridge,250,7,0.1,trickle,10,0.5827309236947791,0.9398808300801316,0,0,7704,145.1,6788.3,511.7,0,266.2,48.4916315395385,319.04045805335045,,,0,94.5,9.4,7489,8671,0
sole-bridge,250,7,0.3,current,10,0.4991967871485944,0.804632550807218,0,0,711.1,124.3,367.6,0,100.1,23.8,156,382,,,0,94.5,30.2,7489,679,0
sole-bridge,250,7,0.3,jitter,10,0.5694779116465865,0.917672808332109,0,0,3676,141.8,2424,0,0,125.8,141,586,,,0,94.5,12.7,7489,2754,0
sole-bridge,250,7,0.3,trickle,10,0.6180722891566264,0.9961199488856209,0,0,9327.3,153.9,6354.8,418.4,0,322.2,59.67909594811499,1283.9752577245235,,,0,94.5,0.6,7489,8006,0
sole-bridge,250,7,0.5,current,10,0.5064257028112449,0.816302155961543,0,0,921.7,126.1,329.4,0,87.3,31,207,517,,,0,94.5,28.4,7489,625,0
sole-bridge,250,7,0.5,jitter,10,0.5345381526104418,0.8618325898001589,0,0,3666.9,133.1,1686.7,0,0,125.5,163,538,,,0,94.5,21.4,7489,1998,0
sole-bridge,250,7,0.5,trickle,10,0.5763052208835342,0.9288830537908377,0,0,10726.4,143.5,5212.3,279.3,0,369.3,69.26402258500457,585.2517657075077,,,0,94.5,11,7489,6621,0
